student_id,age,gender,academic_level,study_hours,self_study_hours,online_classes_hours,social_media_hours,gaming_hours,sleep_hours,screen_time_hours,exercise_minutes,caffeine_intake_mg,part_time_job,upcoming_deadline,internet_quality,mental_health_score,focus_index,burnout_level,productivity_score,prediccion,real,recomendaciones
1629,20,Female,High School,4.18,0.23,3.64,2.59,0.92,7.66,10.63,8,485,0,1,Good,1,16.18,65.82,1.45,0,0,Nivel de agotamiento alto - incluir pausas y descanso | Buscar apoyo en el servicio de bienestar universitario
2954,23,Male,Postgraduate,2.27,1.96,2.99,2.34,2.44,7.17,6.11,20,344,0,0,Poor,2,20.11,30.69,14.64,0,0,Aumentar horas de estudio a minimo 6 horas diarias | Buscar apoyo en el servicio de bienestar universitario | Reducir redes sociales y videojuegos - invertir ese tiempo en estudio
4487,24,Female,Postgraduate,3.87,2.63,2.54,3.71,1.3,7.69,9.6,60,159,0,1,Poor,2,19.95,56.62,18.53,0,0,Aumentar horas de estudio a minimo 6 horas diarias | Buscar apoyo en el servicio de bienestar universitario | Reducir redes sociales y videojuegos - invertir ese tiempo en estudio
3491,25,Other,Undergraduate,4.34,2.85,3.48,0.98,1.48,7.35,12.25,145,81,1,1,Good,4,34.44,61.53,29.15,0,0,Nivel de agotamiento alto - incluir pausas y descanso | Buscar apoyo en el servicio de bienestar universitario
1145,21,Male,Postgraduate,5.25,3.09,0.79,4.0,0.0,7.75,8.47,63,170,0,1,Poor,2,19.86,47.05,31.78,0,0,Buscar apoyo en el servicio de bienestar universitario
273,22,Male,Postgraduate,7.24,2.49,1.18,2.32,2.86,6.02,5.39,70,155,1,1,Good,1,25.16,68.74,25.42,0,0,Nivel de agotamiento alto - incluir pausas y descanso | Buscar apoyo en el servicio de bienestar universitario | Reducir redes sociales y videojuegos - invertir ese tiempo en estudio
3138,16,Female,Postgraduate,3.15,0.87,2.12,5.51,1.83,8.56,8.45,16,126,0,1,Good,4,16.4,38.43,23.37,0,0,Aumentar horas de estudio a minimo 6 horas diarias | Buscar apoyo en el servicio de bienestar universitario | Reducir redes sociales y videojuegos - invertir ese tiempo en estudio
1013,25,Other,Postgraduate,4.54,0.75,2.4,2.58,0.76,7.6,4.84,85,117,0,1,Poor,2,28.49,36.21,22.48,0,0,Buscar apoyo en el servicio de bienestar universitario
2520,16,Female,Undergraduate,3.35,5.12,2.17,4.03,1.04,5.58,4.58,73,434,1,1,Good,10,32.07,65.05,32.03,0,0,Aumentar horas de estudio a minimo 6 horas diarias | Nivel de agotamiento alto - incluir pausas y descanso | Reducir redes sociales y videojuegos - invertir ese tiempo en estudio | Establecer rutina de sueno de minimo 7 horas diarias
767,25,Other,Undergraduate,5.86,2.63,2.22,1.61,1.99,7.32,5.13,139,128,1,1,Average,2,24.86,50.46,28.47,0,0,Buscar apoyo en el servicio de bienestar universitario
3308,22,Other,Postgraduate,0.65,3.25,2.7,3.91,1.61,5.27,8.25,41,487,0,0,Average,10,20.79,50.73,34.04,0,0,Aumentar horas de estudio a minimo 6 horas diarias | Reducir redes sociales y videojuegos - invertir ese tiempo en estudio | Establecer rutina de sueno de minimo 7 horas diarias
4643,22,Male,Postgraduate,5.35,3.04,0.52,1.03,1.81,6.69,9.34,53,39,1,1,Average,5,35.67,65.6,32.47,0,0,Nivel de agotamiento alto - incluir pausas y descanso
2262,19,Other,High School,1.44,2.72,3.07,5.09,0.06,5.88,9.93,10,441,1,0,Good,5,13.71,58.45,5.92,0,0,Aumentar horas de estudio a minimo 6 horas diarias | Reducir redes sociales y videojuegos - invertir ese tiempo en estudio | Establecer rutina de sueno de minimo 7 horas diarias
3775,23,Other,Postgraduate,2.75,2.74,2.44,2.04,2.18,4.0,3.06,51,409,0,0,Poor,10,29.22,46.86,44.72,0,1,Aumentar horas de estudio a minimo 6 horas diarias | Reducir redes sociales y videojuegos - invertir ese tiempo en estudio | Establecer rutina de sueno de minimo 7 horas diarias
4818,24,Female,High School,6.92,2.0,1.68,3.67,1.56,6.26,6.98,116,219,1,1,Poor,1,13.93,57.59,21.07,0,0,Buscar apoyo en el servicio de bienestar universitario | Reducir redes sociales y videojuegos - invertir ese tiempo en estudio
2018,20,Male,Undergraduate,3.24,3.61,2.85,3.59,2.75,6.71,5.37,38,152,1,0,Poor,2,16.84,39.94,9.0,0,0,Aumentar horas de estudio a minimo 6 horas diarias | Buscar apoyo en el servicio de bienestar universitario | Reducir redes sociales y videojuegos - invertir ese tiempo en estudio
4688,16,Female,High School,3.42,1.5,2.29,4.03,2.47,7.22,6.4,11,8,0,0,Poor,3,20.47,33.89,26.4,0,0,Aumentar horas de estudio a minimo 6 horas diarias | Buscar apoyo en el servicio de bienestar universitario | Reducir redes sociales y videojuegos - invertir ese tiempo en estudio
2654,23,Female,High School,2.97,0.67,2.8,1.72,0.75,5.0,7.78,10,444,1,0,Good,7,34.04,60.7,34.98,0,0,Aumentar horas de estudio a minimo 6 horas diarias | Nivel de agotamiento alto - incluir pausas y descanso | Establecer rutina de sueno de minimo 7 horas diarias
4974,21,Other,Postgraduate,6.29,1.55,1.95,3.03,1.9,5.28,7.25,59,396,0,1,Poor,3,24.71,67.42,37.78,0,0,Nivel de agotamiento alto - incluir pausas y descanso | Buscar apoyo en el servicio de bienestar universitario | Reducir redes sociales y videojuegos - invertir ese tiempo en estudio | Establecer rutina de sueno de minimo 7 horas diarias
3761,23,Other,High School,2.03,0.98,3.91,2.99,1.96,9.5,10.25,123,481,1,1,Average,8,19.83,52.57,18.11,0,0,Aumentar horas de estudio a minimo 6 horas diarias | Reducir redes sociales y videojuegos - invertir ese tiempo en estudio
368,16,Other,Postgraduate,5.76,1.57,2.77,5.27,4.28,4.83,5.48,19,333,0,1,Average,4,16.72,66.92,22.23,0,0,Nivel de agotamiento alto - incluir pausas y descanso | Buscar apoyo en el servicio de bienestar universitario | Reducir redes sociales y videojuegos - invertir ese tiempo en estudio | Establecer rutina de sueno de minimo 7 horas diarias
4066,25,Male,High School,5.03,1.38,2.24,1.34,3.06,4.15,7.7,78,368,0,0,Good,4,27.9,45.37,29.2,0,1,Buscar apoyo en el servicio de bienestar universitario | Reducir redes sociales y videojuegos - invertir ese tiempo en estudio | Establecer rutina de sueno de minimo 7 horas diarias
4719,21,Male,High School,2.2,3.9,1.17,2.34,0.72,8.28,12.06,106,457,0,1,Average,2,26.87,59.57,4.98,0,0,Aumentar horas de estudio a minimo 6 horas diarias | Buscar apoyo en el servicio de bienestar universitario
4790,23,Male,Postgraduate,1.77,3.31,2.62,1.7,2.0,7.0,5.32,15,134,1,0,Good,3,20.73,54.7,14.43,0,0,Aumentar horas de estudio a minimo 6 horas diarias | Buscar apoyo en el servicio de bienestar universitario
4904,19,Male,Undergraduate,4.09,3.3,2.55,4.58,1.0,7.1,6.64,123,296,1,1,Poor,1,16.86,44.6,24.4,0,0,Buscar apoyo en el servicio de bienestar universitario | Reducir redes sociales y videojuegos - invertir ese tiempo en estudio
1339,25,Other,Undergraduate,1.52,0.92,2.23,1.58,1.41,6.9,7.06,118,475,1,1,Average,4,10.79,62.42,1.55,0,0,Aumentar horas de estudio a minimo 6 horas diarias | Nivel de agotamiento alto - incluir pausas y descanso | Buscar apoyo en el servicio de bienestar universitario
1165,20,Female,Undergraduate,6.07,2.34,1.88,3.01,2.53,6.29,3.61,78,102,1,0,Poor,2,20.87,35.43,34.5,0,1,Buscar apoyo en el servicio de bienestar universitario | Reducir redes sociales y videojuegos - invertir ese tiempo en estudio
2197,24,Other,Postgraduate,6.54,2.75,0.11,3.92,0.96,4.45,9.65,24,400,1,1,Average,6,31.86,75.95,42.41,0,0,Nivel de agotamiento alto - incluir pausas y descanso | Reducir redes sociales y videojuegos - invertir ese tiempo en estudio | Establecer rutina de sueno de minimo 7 horas diarias
1536,21,Male,Undergraduate,4.46,1.21,4.09,0.4,2.76,6.01,4.6,37,353,0,1,Average,2,18.85,52.01,17.17,0,0,Buscar apoyo en el servicio de bienestar universitario
4204,20,Other,Undergraduate,2.38,1.69,2.35,4.27,1.18,7.61,7.25,48,67,0,0,Good,1,4.74,27.22,4.61,0,0,Aumentar horas de estudio a minimo 6 horas diarias | Buscar apoyo en el servicio de bienestar universitario | Reducir redes sociales y videojuegos - invertir ese tiempo en estudio
828,24,Male,High School,0.01,1.69,2.2,4.19,0.6,6.46,5.08,100,386,1,0,Average,6,22.82,45.79,8.59,0,0,Aumentar horas de estudio a minimo 6 horas diarias | Reducir redes sociales y videojuegos - invertir ese tiempo en estudio
697,25,Male,Undergraduate,2.42,3.85,1.26,3.64,2.16,7.19,9.83,76,472,1,0,Average,1,19.43,51.73,4.64,0,0,Aumentar horas de estudio a minimo 6 horas diarias | Buscar apoyo en el servicio de bienestar universitario | Reducir redes sociales y videojuegos - invertir ese tiempo en estudio
1896,17,Female,Undergraduate,4.11,2.95,2.93,3.41,1.84,6.54,7.66,32,476,0,1,Poor,4,21.93,46.83,19.92,0,0,Buscar apoyo en el servicio de bienestar universitario | Reducir redes sociales y videojuegos - invertir ese tiempo en estudio
3859,18,Other,Postgraduate,1.4,2.68,2.29,1.34,1.35,9.03,7.54,56,256,1,0,Average,2,19.55,27.8,6.42,0,0,Aumentar horas de estudio a minimo 6 horas diarias | Buscar apoyo en el servicio de bienestar universitario
4138,17,Other,High School,5.06,0.22,3.19,0.12,1.92,7.06,6.48,17,472,1,1,Poor,1,19.64,63.0,20.68,0,0,Nivel de agotamiento alto - incluir pausas y descanso | Buscar apoyo en el servicio de bienestar universitario
3830,18,Female,Undergraduate,4.03,1.51,0.59,4.23,2.23,8.22,8.15,87,160,0,0,Average,1,17.23,31.17,21.88,0,0,Buscar apoyo en el servicio de bienestar universitario | Reducir redes sociales y videojuegos - invertir ese tiempo en estudio
4593,21,Male,Undergraduate,4.4,2.84,1.74,3.59,2.73,5.33,2.38,132,264,1,0,Poor,2,27.77,45.44,20.82,0,0,Buscar apoyo en el servicio de bienestar universitario | Reducir redes sociales y videojuegos - invertir ese tiempo en estudio | Establecer rutina de sueno de minimo 7 horas diarias
4332,23,Other,Postgraduate,2.61,3.79,3.56,2.97,0.41,8.1,10.75,46,375,1,0,Poor,3,31.59,46.13,26.58,0,0,Aumentar horas de estudio a minimo 6 horas diarias | Buscar apoyo en el servicio de bienestar universitario
2419,25,Female,High School,3.21,3.14,3.05,2.47,3.04,7.09,7.52,1,223,1,0,Good,7,27.6,41.49,36.23,0,0,Aumentar horas de estudio a minimo 6 horas diarias | Reducir redes sociales y videojuegos - invertir ese tiempo en estudio
4120,24,Male,Undergraduate,1.98,3.02,1.47,4.04,0.99,8.97,10.96,129,253,0,0,Average,6,16.99,33.2,26.95,0,0,Aumentar horas de estudio a minimo 6 horas diarias | Reducir redes sociales y videojuegos - invertir ese tiempo en estudio
967,20,Female,Undergraduate,3.54,1.07,3.92,3.85,2.35,7.87,11.05,16,65,1,1,Average,8,26.27,55.39,33.89,0,0,Aumentar horas de estudio a minimo 6 horas diarias | Reducir redes sociales y videojuegos - invertir ese tiempo en estudio
1708,22,Other,Undergraduate,6.45,3.98,0.47,5.94,1.33,4.32,5.19,119,107,1,0,Good,1,17.33,48.37,25.95,0,0,Buscar apoyo en el servicio de bienestar universitario | Reducir redes sociales y videojuegos - invertir ese tiempo en estudio | Establecer rutina de sueno de minimo 7 horas diarias
1369,23,Male,High School,1.94,3.61,0.0,4.02,1.73,5.58,6.43,109,197,1,0,Good,2,9.34,47.53,5.01,0,0,Aumentar horas de estudio a minimo 6 horas diarias | Buscar apoyo en el servicio de bienestar universitario | Reducir redes sociales y videojuegos - invertir ese tiempo en estudio | Establecer rutina de sueno de minimo 7 horas diarias
871,21,Other,Undergraduate,3.32,1.7,2.1,3.73,1.52,6.43,6.96,66,90,1,1,Average,10,34.71,64.07,39.52,0,1,Aumentar horas de estudio a minimo 6 horas diarias | Nivel de agotamiento alto - incluir pausas y descanso | Reducir redes sociales y videojuegos - invertir ese tiempo en estudio
65,18,Male,High School,3.05,2.15,4.48,2.49,1.15,6.25,4.76,26,171,1,0,Good,1,13.54,43.27,17.14,0,0,Aumentar horas de estudio a minimo 6 horas diarias | Buscar apoyo en el servicio de bienestar universitario
2095,18,Other,High School,4.17,3.62,3.24,3.49,0.21,6.11,3.86,50,310,1,1,Average,3,24.83,62.42,24.89,0,0,Nivel de agotamiento alto - incluir pausas y descanso | Buscar apoyo en el servicio de bienestar universitario
2568,25,Male,High School,2.03,1.23,0.0,0.55,4.02,6.8,8.85,43,410,0,0,Poor,4,15.34,48.43,17.23,0,0,Aumentar horas de estudio a minimo 6 horas diarias | Buscar apoyo en el servicio de bienestar universitario | Reducir redes sociales y videojuegos - invertir ese tiempo en estudio
3428,25,Other,Undergraduate,4.73,2.54,1.03,4.5,3.38,5.13,5.91,54,499,1,1,Poor,2,16.3,63.8,23.65,0,0,Nivel de agotamiento alto - incluir pausas y descanso | Buscar apoyo en el servicio de bienestar universitario | Reducir redes sociales y videojuegos - invertir ese tiempo en estudio | Establecer rutina de sueno de minimo 7 horas diarias
4550,17,Other,Postgraduate,7.07,2.75,1.84,1.34,2.81,7.83,4.27,24,385,1,1,Average,3,38.13,68.71,34.55,0,0,Nivel de agotamiento alto - incluir pausas y descanso | Buscar apoyo en el servicio de bienestar universitario | Reducir redes sociales y videojuegos - invertir ese tiempo en estudio
513,24,Male,Postgraduate,0.0,3.03,3.11,2.37,2.75,6.53,10.22,105,231,0,1,Good,10,23.22,52.64,22.93,0,0,Aumentar horas de estudio a minimo 6 horas diarias | Reducir redes sociales y videojuegos - invertir ese tiempo en estudio
2184,22,Other,High School,5.3,1.81,1.45,3.41,0.37,6.38,7.41,107,220,1,1,Poor,4,20.32,64.77,25.85,0,0,Nivel de agotamiento alto - incluir pausas y descanso | Buscar apoyo en el servicio de bienestar universitario
44,18,Male,High School,2.59,2.33,2.86,2.13,1.55,7.18,8.42,33,168,0,1,Good,2,25.78,46.05,21.13,0,0,Aumentar horas de estudio a minimo 6 horas diarias | Buscar apoyo en el servicio de bienestar universitario
1356,23,Male,High School,5.01,3.25,1.02,4.88,2.29,4.0,10.33,98,281,0,1,Average,8,30.04,73.79,41.52,0,1,Nivel de agotamiento alto - incluir pausas y descanso | Reducir redes sociales y videojuegos - invertir ese tiempo en estudio | Establecer rutina de sueno de minimo 7 horas diarias
3465,22,Male,Undergraduate,4.01,0.71,1.16,2.86,2.73,7.22,7.91,99,357,1,1,Good,5,16.81,61.87,22.6,0,0,Nivel de agotamiento alto - incluir pausas y descanso | Reducir redes sociales y videojuegos - invertir ese tiempo en estudio
3439,24,Male,Postgraduate,2.66,2.98,1.04,2.11,0.3,7.51,1.12,69,241,1,1,Good,6,35.59,49.69,33.33,0,1,Aumentar horas de estudio a minimo 6 horas diarias
1491,23,Female,Undergraduate,1.83,1.48,0.26,1.08,0.77,6.61,3.24,69,248,0,0,Good,3,21.33,40.53,13.39,0,0,Aumentar horas de estudio a minimo 6 horas diarias | Buscar apoyo en el servicio de bienestar universitario
426,25,Female,High School,8.13,0.72,1.78,0.65,0.68,5.92,8.82,3,366,1,1,Good,2,26.13,66.47,35.6,0,0,Nivel de agotamiento alto - incluir pausas y descanso | Buscar apoyo en el servicio de bienestar universitario | Establecer rutina de sueno de minimo 7 horas diarias
4862,23,Female,Postgraduate,0.0,3.74,0.2,6.23,4.36,9.43,6.19,76,438,0,1,Poor,5,14.63,23.53,19.99,0,0,Aumentar horas de estudio a minimo 6 horas diarias | Reducir redes sociales y videojuegos - invertir ese tiempo en estudio
3453,16,Other,Undergraduate,3.69,0.63,1.97,3.23,1.03,7.91,3.9,127,436,1,1,Average,4,21.81,43.16,28.99,0,0,Aumentar horas de estudio a minimo 6 horas diarias | Buscar apoyo en el servicio de bienestar universitario | Reducir redes sociales y videojuegos - invertir ese tiempo en estudio
70,25,Female,High School,2.27,2.75,0.0,1.24,2.81,6.92,3.68,97,244,1,1,Poor,7,31.7,61.19,20.69,0,0,Aumentar horas de estudio a minimo 6 horas diarias | Nivel de agotamiento alto - incluir pausas y descanso | Reducir redes sociales y videojuegos - invertir ese tiempo en estudio
1651,17,Other,Postgraduate,5.98,0.51,2.58,3.67,2.76,6.97,4.83,16,130,1,1,Average,2,18.44,47.36,26.33,0,0,Buscar apoyo en el servicio de bienestar universitario | Reducir redes sociales y videojuegos - invertir ese tiempo en estudio
4789,25,Female,Undergraduate,2.83,5.1,1.51,1.98,2.51,10.0,4.27,117,173,0,0,Good,2,25.19,9.37,25.08,0,1,Aumentar horas de estudio a minimo 6 horas diarias | Buscar apoyo en el servicio de bienestar universitario | Reducir redes sociales y videojuegos - invertir ese tiempo en estudio
2453,19,Other,Postgraduate,3.51,2.2,1.15,2.42,0.02,5.67,8.39,61,131,0,0,Good,3,31.55,50.03,25.06,0,0,Aumentar horas de estudio a minimo 6 horas diarias | Buscar apoyo en el servicio de bienestar universitario | Establecer rutina de sueno de minimo 7 horas diarias
1942,16,Male,Undergraduate,5.11,3.71,1.9,0.65,3.58,6.47,8.56,103,140,0,0,Average,4,20.86,55.01,25.5,0,0,Buscar apoyo en el servicio de bienestar universitario | Reducir redes sociales y videojuegos - invertir ese tiempo en estudio
3021,22,Male,Undergraduate,4.62,2.92,3.11,2.6,2.98,6.48,11.56,145,165,1,1,Average,5,24.93,64.38,43.65,0,0,Nivel de agotamiento alto - incluir pausas y descanso | Reducir redes sociales y videojuegos - invertir ese tiempo en estudio
4937,17,Other,High School,4.74,3.78,0.23,2.76,0.48,7.24,10.04,58,364,0,0,Good,4,26.69,36.62,24.45,0,0,Buscar apoyo en el servicio de bienestar universitario
4774,24,Male,Undergraduate,5.04,2.47,1.85,3.11,0.0,4.11,7.36,17,263,0,0,Average,3,26.55,48.98,31.74,0,0,Buscar apoyo en el servicio de bienestar universitario | Establecer rutina de sueno de minimo 7 horas diarias
3505,22,Other,Undergraduate,4.15,2.55,3.27,1.73,0.0,7.34,3.68,99,303,1,0,Good,5,23.84,38.9,32.59,0,1,Revisar habitos generales con un tutor academico
3464,17,Female,High School,3.42,3.71,1.48,4.85,0.0,7.81,5.34,148,254,1,0,Poor,5,24.99,33.91,35.65,0,1,Aumentar horas de estudio a minimo 6 horas diarias | Reducir redes sociales y videojuegos - invertir ese tiempo en estudio
1945,23,Male,Undergraduate,2.87,2.55,1.28,4.09,0.0,5.27,9.98,133,94,1,0,Average,8,23.8,51.4,23.79,0,0,Aumentar horas de estudio a minimo 6 horas diarias | Reducir redes sociales y videojuegos - invertir ese tiempo en estudio | Establecer rutina de sueno de minimo 7 horas diarias
2075,22,Male,Postgraduate,1.85,2.37,2.97,2.02,2.45,7.52,7.38,74,454,0,0,Average,3,23.77,33.51,13.36,0,0,Aumentar horas de estudio a minimo 6 horas diarias | Buscar apoyo en el servicio de bienestar universitario | Reducir redes sociales y videojuegos - invertir ese tiempo en estudio
1943,18,Other,High School,2.76,0.16,3.5,4.05,0.71,7.08,8.59,59,200,1,0,Good,9,19.51,46.67,36.05,0,0,Aumentar horas de estudio a minimo 6 horas diarias | Reducir redes sociales y videojuegos - invertir ese tiempo en estudio
3354,23,Male,High School,2.74,1.72,2.45,3.3,0.95,7.65,7.61,113,23,0,0,Poor,1,17.05,25.63,20.57,0,0,Aumentar horas de estudio a minimo 6 horas diarias | Buscar apoyo en el servicio de bienestar universitario | Reducir redes sociales y videojuegos - invertir ese tiempo en estudio
2589,17,Other,Undergraduate,4.43,3.18,2.13,2.75,2.25,5.48,8.15,102,48,1,0,Average,2,33.43,57.16,24.53,0,0,Buscar apoyo en el servicio de bienestar universitario | Reducir redes sociales y videojuegos - invertir ese tiempo en estudio | Establecer rutina de sueno de minimo 7 horas diarias
603,23,Female,Undergraduate,4.25,2.05,1.39,3.67,4.65,6.54,8.35,105,95,0,0,Average,1,4.91,43.38,9.31,0,0,Buscar apoyo en el servicio de bienestar universitario | Reducir redes sociales y videojuegos - invertir ese tiempo en estudio
3056,16,Male,Undergraduate,1.22,2.6,0.96,7.03,2.77,5.41,5.23,85,147,0,0,Average,6,10.01,40.01,14.4,0,0,Aumentar horas de estudio a minimo 6 horas diarias | Reducir redes sociales y videojuegos - invertir ese tiempo en estudio | Establecer rutina de sueno de minimo 7 horas diarias
2685,22,Male,High School,1.17,3.27,1.79,5.1,0.9,7.3,8.43,147,12,0,1,Poor,7,25.42,45.02,29.03,0,0,Aumentar horas de estudio a minimo 6 horas diarias | Reducir redes sociales y videojuegos - invertir ese tiempo en estudio
2292,19,Other,Postgraduate,4.62,3.38,3.02,3.91,2.81,5.93,10.77,37,195,1,0,Poor,1,8.34,52.12,9.84,0,0,Buscar apoyo en el servicio de bienestar universitario | Reducir redes sociales y videojuegos - invertir ese tiempo en estudio | Establecer rutina de sueno de minimo 7 horas diarias
2808,16,Female,Postgraduate,4.87,2.9,1.87,2.59,1.31,7.68,7.08,26,179,1,0,Average,1,22.88,26.34,29.46,0,0,Buscar apoyo en el servicio de bienestar universitario
3203,22,Male,High School,5.42,0.92,1.56,1.83,0.0,6.03,4.06,78,97,0,0,Good,1,21.61,35.78,23.82,0,0,Buscar apoyo en el servicio de bienestar universitario
2446,17,Male,High School,2.41,2.11,2.85,2.24,0.0,6.57,7.57,124,293,1,1,Good,3,20.77,71.9,5.22,0,0,Aumentar horas de estudio a minimo 6 horas diarias | Nivel de agotamiento alto - incluir pausas y descanso | Buscar apoyo en el servicio de bienestar universitario
4689,24,Male,High School,2.18,1.31,1.16,4.8,0.85,8.9,6.2,148,342,1,0,Poor,1,10.99,23.07,4.53,0,0,Aumentar horas de estudio a minimo 6 horas diarias | Buscar apoyo en el servicio de bienestar universitario | Reducir redes sociales y videojuegos - invertir ese tiempo en estudio
4313,18,Female,Undergraduate,2.09,3.69,1.61,3.69,1.71,8.14,10.02,140,108,1,1,Poor,6,25.07,44.24,19.16,0,0,Aumentar horas de estudio a minimo 6 horas diarias | Reducir redes sociales y videojuegos - invertir ese tiempo en estudio
1789,17,Other,Postgraduate,5.16,3.77,1.02,3.9,0.28,5.17,11.11,92,154,0,0,Good,4,27.27,45.48,21.58,0,0,Buscar apoyo en el servicio de bienestar universitario | Reducir redes sociales y videojuegos - invertir ese tiempo en estudio | Establecer rutina de sueno de minimo 7 horas diarias
2356,19,Male,Undergraduate,0.0,4.3,1.79,2.7,3.37,5.09,11.09,97,439,1,0,Good,1,3.73,54.4,1.0,0,0,Aumentar horas de estudio a minimo 6 horas diarias | Buscar apoyo en el servicio de bienestar universitario | Reducir redes sociales y videojuegos - invertir ese tiempo en estudio | Establecer rutina de sueno de minimo 7 horas diarias
3470,19,Other,High School,4.1,2.19,2.44,4.99,1.87,7.59,7.03,139,247,0,0,Good,2,14.62,23.49,27.7,0,0,Buscar apoyo en el servicio de bienestar universitario | Reducir redes sociales y videojuegos - invertir ese tiempo en estudio
3031,19,Male,Postgraduate,4.35,3.48,1.85,7.7,1.73,5.17,10.46,40,24,1,0,Poor,8,20.06,59.51,24.86,0,0,Reducir redes sociales y videojuegos - invertir ese tiempo en estudio | Establecer rutina de sueno de minimo 7 horas diarias
4728,16,Female,High School,5.96,2.67,2.77,2.69,0.0,7.36,7.93,108,124,1,0,Average,2,22.39,46.11,33.18,0,0,Buscar apoyo en el servicio de bienestar universitario
2935,21,Female,Postgraduate,3.09,2.89,1.83,7.51,1.61,6.51,9.62,27,257,1,0,Average,9,19.08,56.29,34.75,0,0,Aumentar horas de estudio a minimo 6 horas diarias | Reducir redes sociales y videojuegos - invertir ese tiempo en estudio
2328,19,Other,Undergraduate,0.51,3.92,2.62,4.83,0.0,7.82,10.7,111,138,1,0,Poor,4,18.77,46.02,3.91,0,0,Aumentar horas de estudio a minimo 6 horas diarias | Buscar apoyo en el servicio de bienestar universitario | Reducir redes sociales y videojuegos - invertir ese tiempo en estudio
940,24,Male,Undergraduate,3.24,1.33,2.38,4.59,2.01,7.15,6.14,143,427,0,1,Average,6,22.21,45.74,29.61,0,0,Aumentar horas de estudio a minimo 6 horas diarias | Reducir redes sociales y videojuegos - invertir ese tiempo en estudio
4730,16,Female,High School,4.54,4.02,0.52,2.31,1.71,8.39,5.45,25,459,1,1,Good,3,32.3,43.8,25.19,0,0,Buscar apoyo en el servicio de bienestar universitario | Reducir redes sociales y videojuegos - invertir ese tiempo en estudio
1443,16,Other,Postgraduate,5.71,3.52,2.94,1.92,2.27,5.86,10.68,13,372,1,1,Poor,3,27.27,84.16,25.17,0,0,Nivel de agotamiento alto - incluir pausas y descanso | Buscar apoyo en el servicio de bienestar universitario | Reducir redes sociales y videojuegos - invertir ese tiempo en estudio | Establecer rutina de sueno de minimo 7 horas diarias
1803,21,Female,Postgraduate,3.98,3.58,1.34,2.69,3.43,6.21,6.84,80,130,1,1,Good,2,22.45,51.17,22.48,0,0,Aumentar horas de estudio a minimo 6 horas diarias | Buscar apoyo en el servicio de bienestar universitario | Reducir redes sociales y videojuegos - invertir ese tiempo en estudio
4477,22,Female,Undergraduate,4.74,0.79,1.33,4.65,0.0,8.46,8.39,17,301,1,0,Good,4,15.58,54.5,18.67,0,0,Buscar apoyo en el servicio de bienestar universitario | Reducir redes sociales y videojuegos - invertir ese tiempo en estudio
4083,24,Female,Postgraduate,3.54,1.83,1.91,4.2,1.7,6.75,5.39,34,78,0,0,Poor,1,14.51,26.45,16.95,0,0,Aumentar horas de estudio a minimo 6 horas diarias | Buscar apoyo en el servicio de bienestar universitario | Reducir redes sociales y videojuegos - invertir ese tiempo en estudio
933,16,Female,High School,5.55,2.32,2.73,2.53,0.0,4.96,3.55,60,65,1,0,Poor,1,24.92,40.21,29.77,0,0,Buscar apoyo en el servicio de bienestar universitario | Establecer rutina de sueno de minimo 7 horas diarias
4202,22,Male,High School,3.95,5.31,2.23,2.59,1.47,4.91,8.72,114,196,1,0,Average,9,39.69,64.74,39.43,0,1,Aumentar horas de estudio a minimo 6 horas diarias | Nivel de agotamiento alto - incluir pausas y descanso | Reducir redes sociales y videojuegos - invertir ese tiempo en estudio | Establecer rutina de sueno de minimo 7 horas diarias
1501,21,Male,Postgraduate,0.89,1.88,0.07,0.88,1.71,7.38,6.32,100,1,1,0,Good,1,12.35,37.37,5.35,0,0,Aumentar horas de estudio a minimo 6 horas diarias | Buscar apoyo en el servicio de bienestar universitario
1330,20,Male,Undergraduate,3.99,5.26,4.32,3.44,0.0,7.48,7.03,0,99,0,0,Good,1,24.79,38.5,28.16,0,0,Aumentar horas de estudio a minimo 6 horas diarias | Buscar apoyo en el servicio de bienestar universitario
1319,21,Other,Postgraduate,5.78,2.94,1.26,4.62,1.7,8.38,7.34,85,229,1,1,Good,1,18.54,41.71,28.3,0,0,Buscar apoyo en el servicio de bienestar universitario | Reducir redes sociales y videojuegos - invertir ese tiempo en estudio
1071,16,Male,High School,1.86,5.11,1.58,2.94,1.72,8.45,9.31,20,149,1,1,Poor,7,33.0,49.12,21.31,0,0,Aumentar horas de estudio a minimo 6 horas diarias | Reducir redes sociales y videojuegos - invertir ese tiempo en estudio
32,19,Male,Postgraduate,5.52,2.41,0.0,3.91,0.26,8.16,11.43,95,306,1,1,Good,6,22.79,69.0,37.09,0,0,Nivel de agotamiento alto - incluir pausas y descanso | Reducir redes sociales y videojuegos - invertir ese tiempo en estudio
463,20,Female,High School,6.08,2.03,1.92,2.05,0.0,7.66,12.14,131,144,0,0,Average,1,26.8,44.59,35.19,0,0,Buscar apoyo en el servicio de bienestar universitario
3449,19,Other,Undergraduate,3.97,3.62,3.46,2.77,2.71,6.75,6.59,10,370,0,1,Average,1,19.42,55.53,15.83,0,0,Aumentar horas de estudio a minimo 6 horas diarias | Buscar apoyo en el servicio de bienestar universitario | Reducir redes sociales y videojuegos - invertir ese tiempo en estudio
4657,20,Female,Undergraduate,3.58,2.74,1.15,2.25,1.05,4.44,9.12,78,345,1,1,Poor,1,10.6,84.14,1.34,0,0,Aumentar horas de estudio a minimo 6 horas diarias | Nivel de agotamiento alto - incluir pausas y descanso | Buscar apoyo en el servicio de bienestar universitario | Establecer rutina de sueno de minimo 7 horas diarias
687,16,Other,Undergraduate,4.48,4.38,2.74,4.27,2.34,9.51,6.85,46,344,1,1,Average,1,24.2,47.96,25.29,0,0,Buscar apoyo en el servicio de bienestar universitario | Reducir redes sociales y videojuegos - invertir ese tiempo en estudio
3676,21,Male,Undergraduate,4.49,2.0,2.38,3.66,1.35,5.14,6.77,102,337,1,0,Average,3,16.48,58.08,22.42,0,0,Buscar apoyo en el servicio de bienestar universitario | Reducir redes sociales y videojuegos - invertir ese tiempo en estudio | Establecer rutina de sueno de minimo 7 horas diarias
2771,21,Female,High School,2.06,2.15,1.16,3.29,0.23,8.41,9.16,41,299,1,1,Good,5,29.58,55.29,16.36,0,0,Aumentar horas de estudio a minimo 6 horas diarias
2346,22,Other,Postgraduate,1.9,4.62,1.78,1.76,0.42,8.11,9.76,137,486,0,1,Good,6,23.62,37.71,15.37,0,0,Aumentar horas de estudio a minimo 6 horas diarias
3560,19,Other,Undergraduate,5.34,1.5,1.65,2.82,1.29,7.25,7.15,21,374,1,1,Average,8,33.8,71.04,32.79,0,1,Nivel de agotamiento alto - incluir pausas y descanso | Reducir redes sociales y videojuegos - invertir ese tiempo en estudio
3195,19,Female,Postgraduate,3.28,1.82,3.3,2.31,2.56,6.58,10.61,46,448,0,1,Poor,6,27.4,71.88,30.92,0,0,Aumentar horas de estudio a minimo 6 horas diarias | Nivel de agotamiento alto - incluir pausas y descanso | Reducir redes sociales y videojuegos - invertir ese tiempo en estudio
1622,22,Female,High School,3.38,4.52,2.77,3.78,2.38,5.87,6.21,94,483,0,0,Poor,2,15.63,43.4,13.7,0,0,Aumentar horas de estudio a minimo 6 horas diarias | Buscar apoyo en el servicio de bienestar universitario | Reducir redes sociales y videojuegos - invertir ese tiempo en estudio | Establecer rutina de sueno de minimo 7 horas diarias
4506,20,Other,Postgraduate,5.47,2.42,2.4,2.62,2.07,6.11,4.0,98,374,1,0,Poor,3,21.61,36.34,32.47,0,0,Buscar apoyo en el servicio de bienestar universitario | Reducir redes sociales y videojuegos - invertir ese tiempo en estudio
997,20,Other,Undergraduate,4.6,1.43,2.46,3.24,2.63,8.37,7.06,147,97,1,0,Average,1,21.49,21.73,34.07,0,1,Buscar apoyo en el servicio de bienestar universitario | Reducir redes sociales y videojuegos - invertir ese tiempo en estudio
2543,25,Female,High School,7.83,2.44,1.21,4.1,1.82,6.2,5.3,124,472,0,1,Poor,2,25.15,52.86,31.06,0,0,Buscar apoyo en el servicio de bienestar universitario | Reducir redes sociales y videojuegos - invertir ese tiempo en estudio
2443,23,Male,Postgraduate,2.4,1.74,2.07,5.79,1.0,7.41,10.28,65,478,0,1,Good,1,10.18,53.27,7.58,0,0,Aumentar horas de estudio a minimo 6 horas diarias | Buscar apoyo en el servicio de bienestar universitario | Reducir redes sociales y videojuegos - invertir ese tiempo en estudio
2382,22,Other,High School,4.84,3.24,2.79,0.31,0.32,5.92,10.79,35,439,1,0,Average,1,27.23,72.6,18.9,0,0,Nivel de agotamiento alto - incluir pausas y descanso | Buscar apoyo en el servicio de bienestar universitario | Establecer rutina de sueno de minimo 7 horas diarias
4455,23,Other,Postgraduate,5.78,1.09,0.13,2.5,2.47,5.25,5.37,136,354,1,1,Good,5,23.99,70.88,27.47,0,0,Nivel de agotamiento alto - incluir pausas y descanso | Reducir redes sociales y videojuegos - invertir ese tiempo en estudio | Establecer rutina de sueno de minimo 7 horas diarias
3240,20,Female,High School,0.25,1.91,2.2,3.53,0.92,5.78,7.37,132,165,0,1,Average,4,6.7,42.4,1.0,0,0,Aumentar horas de estudio a minimo 6 horas diarias | Buscar apoyo en el servicio de bienestar universitario | Reducir redes sociales y videojuegos - invertir ese tiempo en estudio | Establecer rutina de sueno de minimo 7 horas diarias
1955,21,Other,High School,5.81,3.24,3.01,4.29,3.06,5.54,3.43,9,428,1,0,Poor,4,21.13,50.47,32.69,0,0,Buscar apoyo en el servicio de bienestar universitario | Reducir redes sociales y videojuegos - invertir ese tiempo en estudio | Establecer rutina de sueno de minimo 7 horas diarias
1592,19,Female,Undergraduate,3.46,2.37,2.57,4.4,0.26,5.19,4.75,96,223,0,1,Good,1,17.44,52.95,14.37,0,0,Aumentar horas de estudio a minimo 6 horas diarias | Buscar apoyo en el servicio de bienestar universitario | Reducir redes sociales y videojuegos - invertir ese tiempo en estudio | Establecer rutina de sueno de minimo 7 horas diarias
2675,19,Other,Postgraduate,3.99,2.46,2.37,2.76,0.74,7.06,8.7,54,164,0,1,Good,4,25.11,45.53,27.39,0,0,Aumentar horas de estudio a minimo 6 horas diarias | Buscar apoyo en el servicio de bienestar universitario
4799,24,Male,High School,2.67,3.14,0.67,3.33,0.89,8.07,9.12,88,270,1,0,Poor,6,27.21,45.13,19.77,0,0,Aumentar horas de estudio a minimo 6 horas diarias | Reducir redes sociales y videojuegos - invertir ese tiempo en estudio
815,20,Female,Undergraduate,1.2,2.78,1.83,2.86,1.48,6.83,4.67,19,147,1,0,Average,7,25.74,39.68,22.24,0,0,Aumentar horas de estudio a minimo 6 horas diarias | Reducir redes sociales y videojuegos - invertir ese tiempo en estudio
4759,25,Other,Postgraduate,3.4,2.28,2.04,0.05,1.59,6.72,5.0,59,108,1,0,Good,2,19.5,33.46,19.87,0,0,Aumentar horas de estudio a minimo 6 horas diarias | Buscar apoyo en el servicio de bienestar universitario
2501,17,Male,Postgraduate,2.64,0.0,3.52,0.0,3.7,8.17,8.67,32,48,1,1,Average,5,27.09,49.59,22.51,0,0,Aumentar horas de estudio a minimo 6 horas diarias
1288,19,Other,Undergraduate,5.34,1.57,1.77,4.13,2.35,7.86,5.71,10,346,0,0,Average,3,11.63,29.94,29.75,0,0,Buscar apoyo en el servicio de bienestar universitario | Reducir redes sociales y videojuegos - invertir ese tiempo en estudio
629,17,Other,Postgraduate,3.72,1.23,2.53,1.69,1.35,7.69,2.54,99,311,0,1,Poor,4,25.39,22.45,31.64,0,0,Aumentar horas de estudio a minimo 6 horas diarias | Buscar apoyo en el servicio de bienestar universitario
3684,19,Other,Postgraduate,5.65,3.03,1.58,3.7,2.19,9.49,7.74,132,207,0,0,Good,5,20.74,12.67,34.98,0,0,Reducir redes sociales y videojuegos - invertir ese tiempo en estudio
3643,22,Female,Postgraduate,2.99,4.26,2.62,2.24,1.94,7.64,5.67,57,228,0,0,Good,2,23.16,23.31,22.22,0,0,Aumentar horas de estudio a minimo 6 horas diarias | Buscar apoyo en el servicio de bienestar universitario | Reducir redes sociales y videojuegos - invertir ese tiempo en estudio
4101,21,Female,Undergraduate,3.18,2.03,3.79,3.66,1.74,6.95,4.82,8,281,1,0,Poor,9,30.16,49.29,36.03,0,0,Aumentar horas de estudio a minimo 6 horas diarias | Reducir redes sociales y videojuegos - invertir ese tiempo en estudio
3005,24,Other,Postgraduate,4.39,0.63,1.58,0.99,0.83,5.22,8.24,15,63,0,1,Average,3,24.0,58.97,20.06,0,0,Buscar apoyo en el servicio de bienestar universitario | Establecer rutina de sueno de minimo 7 horas diarias
2834,24,Other,High School,3.75,3.47,1.23,3.61,1.13,7.49,3.87,114,93,0,1,Good,5,28.18,34.36,33.53,0,1,Aumentar horas de estudio a minimo 6 horas diarias | Reducir redes sociales y videojuegos - invertir ese tiempo en estudio
1671,18,Female,Undergraduate,2.86,2.43,2.63,3.32,0.24,6.09,6.69,105,152,1,0,Good,5,26.22,45.51,29.38,0,0,Aumentar horas de estudio a minimo 6 horas diarias
4750,25,Female,Postgraduate,3.84,4.32,3.25,1.99,0.69,5.89,1.83,86,250,1,1,Average,1,27.95,54.27,12.23,0,0,Aumentar horas de estudio a minimo 6 horas diarias | Buscar apoyo en el servicio de bienestar universitario | Establecer rutina de sueno de minimo 7 horas diarias
339,24,Female,Postgraduate,3.04,5.67,1.99,5.12,3.09,6.07,8.01,127,119,0,1,Average,4,20.29,32.83,32.08,0,0,Aumentar horas de estudio a minimo 6 horas diarias | Buscar apoyo en el servicio de bienestar universitario | Reducir redes sociales y videojuegos - invertir ese tiempo en estudio
822,22,Male,Undergraduate,2.74,2.99,1.67,1.7,0.78,5.42,4.93,10,313,0,0,Good,3,19.71,48.46,28.39,0,0,Aumentar horas de estudio a minimo 6 horas diarias | Buscar apoyo en el servicio de bienestar universitario | Establecer rutina de sueno de minimo 7 horas diarias
4738,20,Female,Postgraduate,0.95,2.66,1.0,3.4,1.76,7.68,10.66,123,263,1,0,Poor,1,4.88,33.53,1.0,0,0,Aumentar horas de estudio a minimo 6 horas diarias | Buscar apoyo en el servicio de bienestar universitario | Reducir redes sociales y videojuegos - invertir ese tiempo en estudio
3380,25,Female,High School,4.1,2.48,1.07,3.46,0.89,7.28,10.81,42,441,1,0,Poor,4,25.17,48.56,28.32,0,0,Buscar apoyo en el servicio de bienestar universitario | Reducir redes sociales y videojuegos - invertir ese tiempo en estudio
4589,22,Female,Undergraduate,5.45,3.28,1.8,1.88,0.77,7.38,8.46,90,329,1,1,Good,4,39.88,67.37,27.99,0,0,Nivel de agotamiento alto - incluir pausas y descanso | Buscar apoyo en el servicio de bienestar universitario
2362,19,Other,Undergraduate,3.41,3.8,0.61,2.76,0.07,6.55,10.33,16,288,0,0,Average,6,25.98,41.65,33.72,0,0,Aumentar horas de estudio a minimo 6 horas diarias
1745,22,Male,Undergraduate,3.51,2.09,2.31,1.11,2.2,7.02,1.83,148,430,1,1,Poor,8,38.94,49.58,36.27,0,1,Aumentar horas de estudio a minimo 6 horas diarias
256,22,Female,High School,2.51,2.28,0.86,0.0,1.06,7.1,6.79,77,86,1,1,Good,7,41.12,57.38,35.08,0,0,Aumentar horas de estudio a minimo 6 horas diarias
2433,19,Other,High School,6.22,2.73,3.37,2.12,1.55,4.66,5.5,120,307,0,1,Good,2,26.87,44.53,35.41,0,1,Buscar apoyo en el servicio de bienestar universitario | Establecer rutina de sueno de minimo 7 horas diarias
3064,23,Other,Postgraduate,3.02,1.03,2.0,2.72,0.0,4.81,6.38,61,124,1,1,Poor,3,26.46,78.21,10.94,0,0,Aumentar horas de estudio a minimo 6 horas diarias | Nivel de agotamiento alto - incluir pausas y descanso | Buscar apoyo en el servicio de bienestar universitario | Establecer rutina de sueno de minimo 7 horas diarias
3820,18,Female,Undergraduate,0.89,2.81,1.67,1.41,2.08,6.36,7.22,5,471,1,1,Average,10,30.24,74.36,14.51,0,0,Aumentar horas de estudio a minimo 6 horas diarias | Nivel de agotamiento alto - incluir pausas y descanso
3995,21,Other,Undergraduate,1.73,3.9,2.1,4.08,0.0,8.49,6.54,59,352,1,0,Poor,5,28.51,34.75,32.1,0,1,Aumentar horas de estudio a minimo 6 horas diarias | Reducir redes sociales y videojuegos - invertir ese tiempo en estudio
1905,19,Female,High School,4.43,0.81,1.51,3.72,0.21,8.21,10.84,133,196,1,0,Good,5,29.28,43.57,34.47,0,1,Revisar habitos generales con un tutor academico
1172,23,Other,Undergraduate,2.76,2.22,3.68,3.65,3.03,6.01,9.25,117,20,1,0,Good,6,18.29,41.89,16.66,0,0,Aumentar horas de estudio a minimo 6 horas diarias | Reducir redes sociales y videojuegos - invertir ese tiempo en estudio
409,19,Female,High School,2.86,1.15,1.51,5.1,2.29,5.96,9.77,40,92,1,0,Average,2,11.35,56.24,8.76,0,0,Aumentar horas de estudio a minimo 6 horas diarias | Buscar apoyo en el servicio de bienestar universitario | Reducir redes sociales y videojuegos - invertir ese tiempo en estudio | Establecer rutina de sueno de minimo 7 horas diarias
3424,16,Male,Undergraduate,3.44,2.33,2.32,1.18,2.7,5.66,7.74,24,480,1,0,Poor,3,27.65,47.9,18.07,0,0,Aumentar horas de estudio a minimo 6 horas diarias | Buscar apoyo en el servicio de bienestar universitario | Establecer rutina de sueno de minimo 7 horas diarias
1848,16,Male,High School,4.0,3.9,2.63,3.28,1.01,7.8,9.35,31,308,0,1,Average,2,17.04,47.34,19.47,0,0,Buscar apoyo en el servicio de bienestar universitario | Reducir redes sociales y videojuegos - invertir ese tiempo en estudio
1359,25,Other,High School,1.0,2.1,2.39,4.77,2.77,7.11,8.65,38,263,1,1,Good,8,19.49,50.8,24.03,0,0,Aumentar horas de estudio a minimo 6 horas diarias | Reducir redes sociales y videojuegos - invertir ese tiempo en estudio
4269,22,Female,Undergraduate,2.35,3.95,3.78,3.7,0.87,7.45,8.15,139,203,1,0,Average,1,13.81,48.89,10.33,0,0,Aumentar horas de estudio a minimo 6 horas diarias | Buscar apoyo en el servicio de bienestar universitario | Reducir redes sociales y videojuegos - invertir ese tiempo en estudio
4181,19,Other,Postgraduate,2.55,1.23,1.03,4.32,2.14,8.27,5.07,135,444,1,0,Poor,4,16.65,37.17,17.78,0,0,Aumentar horas de estudio a minimo 6 horas diarias | Buscar apoyo en el servicio de bienestar universitario | Reducir redes sociales y videojuegos - invertir ese tiempo en estudio
4258,23,Male,Undergraduate,1.81,0.6,2.19,4.43,0.83,7.37,9.04,68,402,0,0,Average,8,26.21,39.0,21.05,0,0,Aumentar horas de estudio a minimo 6 horas diarias | Reducir redes sociales y videojuegos - invertir ese tiempo en estudio
1027,16,Male,High School,2.97,5.33,2.75,6.71,2.18,6.49,1.0,68,305,0,0,Good,3,16.66,26.75,33.94,0,1,Aumentar horas de estudio a minimo 6 horas diarias | Buscar apoyo en el servicio de bienestar universitario | Reducir redes sociales y videojuegos - invertir ese tiempo en estudio
3567,22,Male,High School,2.1,1.22,3.77,2.78,1.37,7.28,6.09,57,284,1,1,Good,5,24.6,53.41,26.77,0,0,Aumentar horas de estudio a minimo 6 horas diarias | Reducir redes sociales y videojuegos - invertir ese tiempo en estudio
217,22,Other,Postgraduate,6.27,0.92,1.95,1.36,1.31,7.41,8.9,3,415,0,1,Average,2,24.13,61.15,23.62,0,0,Nivel de agotamiento alto - incluir pausas y descanso | Buscar apoyo en el servicio de bienestar universitario
4432,24,Male,Postgraduate,2.1,3.36,0.76,2.86,1.07,6.86,5.82,94,188,0,1,Average,7,19.72,38.04,28.14,0,0,Aumentar horas de estudio a minimo 6 horas diarias
3125,16,Other,High School,2.95,2.2,0.0,4.43,0.19,8.71,4.6,76,378,1,0,Average,6,25.43,30.62,26.38,0,0,Aumentar horas de estudio a minimo 6 horas diarias | Reducir redes sociales y videojuegos - invertir ese tiempo en estudio
3114,24,Male,High School,4.04,1.63,2.42,2.59,4.58,7.29,12.52,48,460,1,1,Poor,3,15.83,78.32,15.08,0,0,Nivel de agotamiento alto - incluir pausas y descanso | Buscar apoyo en el servicio de bienestar universitario | Reducir redes sociales y videojuegos - invertir ese tiempo en estudio
4896,24,Female,Postgraduate,5.56,3.37,1.8,3.23,0.0,7.06,6.24,92,306,0,1,Good,1,24.47,47.94,19.56,0,0,Buscar apoyo en el servicio de bienestar universitario
2488,17,Female,High School,1.71,6.23,2.23,3.9,2.29,6.68,8.74,74,135,1,1,Good,3,21.96,62.76,10.91,0,0,Aumentar horas de estudio a minimo 6 horas diarias | Nivel de agotamiento alto - incluir pausas y descanso | Buscar apoyo en el servicio de bienestar universitario | Reducir redes sociales y videojuegos - invertir ese tiempo en estudio
2084,22,Male,Postgraduate,4.05,1.82,2.56,3.26,2.95,6.21,7.46,63,137,1,1,Poor,3,22.02,59.07,20.52,0,0,Buscar apoyo en el servicio de bienestar universitario | Reducir redes sociales y videojuegos - invertir ese tiempo en estudio
4560,20,Male,High School,2.54,2.93,1.21,4.16,0.68,5.59,6.82,24,7,0,0,Good,2,14.55,44.33,17.04,0,0,Aumentar horas de estudio a minimo 6 horas diarias | Buscar apoyo en el servicio de bienestar universitario | Reducir redes sociales y videojuegos - invertir ese tiempo en estudio | Establecer rutina de sueno de minimo 7 horas diarias
821,16,Other,High School,2.42,2.85,2.17,2.99,2.08,8.45,6.9,21,389,1,1,Good,1,9.8,61.59,1.0,0,0,Aumentar horas de estudio a minimo 6 horas diarias | Nivel de agotamiento alto - incluir pausas y descanso | Buscar apoyo en el servicio de bienestar universitario | Reducir redes sociales y videojuegos - invertir ese tiempo en estudio
1630,23,Male,Postgraduate,4.98,1.3,2.79,0.28,2.45,7.37,13.98,81,336,1,0,Poor,1,29.5,51.99,17.91,0,0,Buscar apoyo en el servicio de bienestar universitario
659,19,Female,Undergraduate,2.93,1.69,1.95,5.42,1.97,5.67,4.87,75,126,0,0,Poor,8,22.43,39.72,30.23,0,1,Aumentar horas de estudio a minimo 6 horas diarias | Reducir redes sociales y videojuegos - invertir ese tiempo en estudio | Establecer rutina de sueno de minimo 7 horas diarias
1328,17,Other,Undergraduate,4.88,2.6,1.43,4.35,0.0,7.84,5.59,30,483,0,0,Good,1,13.24,39.72,12.09,0,0,Buscar apoyo en el servicio de bienestar universitario | Reducir redes sociales y videojuegos - invertir ese tiempo en estudio
2772,21,Female,High School,5.39,3.25,0.18,1.75,0.32,7.26,3.53,127,401,1,0,Average,1,25.98,40.98,20.4,0,1,Buscar apoyo en el servicio de bienestar universitario
2783,21,Female,Postgraduate,4.97,2.57,2.86,2.4,2.59,8.13,9.13,86,346,0,0,Good,1,20.49,36.34,22.99,0,0,Buscar apoyo en el servicio de bienestar universitario | Reducir redes sociales y videojuegos - invertir ese tiempo en estudio
4779,22,Other,Undergraduate,2.98,2.46,1.75,0.0,0.91,6.21,7.96,18,203,1,1,Poor,8,42.2,64.75,30.74,0,0,Aumentar horas de estudio a minimo 6 horas diarias | Nivel de agotamiento alto - incluir pausas y descanso
2396,21,Other,Postgraduate,2.81,0.54,1.42,4.37,0.31,6.98,7.47,147,217,1,1,Good,7,13.77,48.28,18.47,0,0,Aumentar horas de estudio a minimo 6 horas diarias | Reducir redes sociales y videojuegos - invertir ese tiempo en estudio
2054,17,Other,Undergraduate,5.22,2.26,0.05,3.13,0.88,6.23,2.01,101,298,1,0,Good,3,27.46,34.07,34.16,0,1,Buscar apoyo en el servicio de bienestar universitario | Reducir redes sociales y videojuegos - invertir ese tiempo en estudio
3430,23,Male,Undergraduate,5.26,0.64,2.68,2.62,2.62,8.53,3.07,97,400,0,0,Poor,1,16.64,13.48,35.88,0,0,Buscar apoyo en el servicio de bienestar universitario | Reducir redes sociales y videojuegos - invertir ese tiempo en estudio
325,16,Other,Undergraduate,4.72,1.8,1.05,2.1,1.38,5.24,8.31,108,481,1,0,Poor,1,7.86,59.54,17.52,0,0,Buscar apoyo en el servicio de bienestar universitario | Establecer rutina de sueno de minimo 7 horas diarias
4002,23,Male,Postgraduate,2.08,1.55,2.33,2.68,1.6,8.65,6.48,103,204,0,0,Average,8,25.21,27.57,35.86,0,0,Aumentar horas de estudio a minimo 6 horas diarias | Reducir redes sociales y videojuegos - invertir ese tiempo en estudio
3807,20,Other,Postgraduate,1.02,2.0,2.16,3.93,1.96,6.49,6.21,31,304,1,1,Average,4,9.73,59.33,1.0,0,0,Aumentar horas de estudio a minimo 6 horas diarias | Buscar apoyo en el servicio de bienestar universitario | Reducir redes sociales y videojuegos - invertir ese tiempo en estudio
1173,24,Female,Postgraduate,3.27,1.37,2.45,5.49,0.8,9.07,4.8,81,179,0,1,Poor,3,15.59,23.46,24.01,0,0,Aumentar horas de estudio a minimo 6 horas diarias | Buscar apoyo en el servicio de bienestar universitario | Reducir redes sociales y videojuegos - invertir ese tiempo en estudio
4105,16,Female,Postgraduate,2.78,1.52,2.99,0.77,1.32,5.09,3.41,12,403,0,0,Good,3,17.06,50.1,11.51,0,0,Aumentar horas de estudio a minimo 6 horas diarias | Buscar apoyo en el servicio de bienestar universitario | Establecer rutina de sueno de minimo 7 horas diarias
1185,22,Other,Postgraduate,4.48,2.76,1.55,1.51,2.31,8.0,8.21,95,12,0,1,Poor,4,35.24,45.98,34.84,0,0,Buscar apoyo en el servicio de bienestar universitario
1531,16,Other,Postgraduate,4.94,2.11,0.71,2.19,3.39,5.47,9.38,32,254,1,1,Average,4,30.18,72.29,32.83,0,1,Nivel de agotamiento alto - incluir pausas y descanso | Buscar apoyo en el servicio de bienestar universitario | Reducir redes sociales y videojuegos - invertir ese tiempo en estudio | Establecer rutina de sueno de minimo 7 horas diarias
1399,17,Male,High School,8.26,0.82,3.38,2.2,2.69,5.22,10.39,67,407,0,1,Average,2,27.11,63.88,40.24,0,0,Nivel de agotamiento alto - incluir pausas y descanso | Buscar apoyo en el servicio de bienestar universitario | Reducir redes sociales y videojuegos - invertir ese tiempo en estudio | Establecer rutina de sueno de minimo 7 horas diarias
3446,18,Female,Undergraduate,5.41,5.61,1.55,4.21,2.35,5.14,6.35,22,464,1,1,Good,3,25.73,75.31,31.83,0,0,Nivel de agotamiento alto - incluir pausas y descanso | Buscar apoyo en el servicio de bienestar universitario | Reducir redes sociales y videojuegos - invertir ese tiempo en estudio | Establecer rutina de sueno de minimo 7 horas diarias
2870,18,Male,Postgraduate,2.76,1.71,0.73,2.85,2.24,7.89,6.02,19,463,0,1,Poor,5,19.57,35.8,24.34,0,0,Aumentar horas de estudio a minimo 6 horas diarias | Reducir redes sociales y videojuegos - invertir ese tiempo en estudio
1395,18,Male,Undergraduate,4.86,2.37,1.92,1.25,1.58,5.97,4.75,2,214,0,1,Poor,2,22.41,49.03,18.41,0,0,Buscar apoyo en el servicio de bienestar universitario | Establecer rutina de sueno de minimo 7 horas diarias
1196,19,Other,High School,2.61,1.17,1.98,2.72,0.57,6.32,12.19,34,474,1,0,Average,6,25.51,49.97,22.19,0,0,Aumentar horas de estudio a minimo 6 horas diarias
1097,24,Male,Undergraduate,0.61,1.82,3.03,4.31,1.96,7.07,1.31,20,177,0,1,Average,2,8.59,41.72,1.0,0,0,Aumentar horas de estudio a minimo 6 horas diarias | Buscar apoyo en el servicio de bienestar universitario | Reducir redes sociales y videojuegos - invertir ese tiempo en estudio
3383,22,Female,Postgraduate,5.18,1.25,2.41,1.01,1.28,6.44,10.36,18,382,1,0,Good,3,27.69,57.5,31.34,0,0,Buscar apoyo en el servicio de bienestar universitario
2341,17,Male,High School,1.88,4.18,2.03,3.2,1.05,6.72,9.56,108,323,1,0,Good,5,29.06,55.9,30.5,0,0,Aumentar horas de estudio a minimo 6 horas diarias | Reducir redes sociales y videojuegos - invertir ese tiempo en estudio
2503,16,Male,Postgraduate,4.49,4.26,1.65,8.28,1.75,6.84,10.84,19,404,0,1,Average,9,23.99,69.93,31.69,0,0,Nivel de agotamiento alto - incluir pausas y descanso | Reducir redes sociales y videojuegos - invertir ese tiempo en estudio
2208,21,Female,High School,4.19,5.28,2.13,2.38,2.06,6.52,12.9,7,13,1,0,Poor,2,29.21,61.38,20.43,0,0,Nivel de agotamiento alto - incluir pausas y descanso | Buscar apoyo en el servicio de bienestar universitario | Reducir redes sociales y videojuegos - invertir ese tiempo en estudio
1163,21,Other,Postgraduate,2.82,4.47,2.35,3.55,1.55,7.42,7.93,109,49,1,1,Average,2,25.65,49.78,23.95,0,0,Aumentar horas de estudio a minimo 6 horas diarias | Buscar apoyo en el servicio de bienestar universitario | Reducir redes sociales y videojuegos - invertir ese tiempo en estudio
3613,18,Other,Undergraduate,2.94,2.78,1.74,1.97,2.63,8.09,5.35,104,258,1,1,Average,9,31.23,48.11,36.23,0,1,Aumentar horas de estudio a minimo 6 horas diarias | Reducir redes sociales y videojuegos - invertir ese tiempo en estudio
4962,18,Female,High School,0.0,1.99,2.94,3.56,2.21,7.44,9.58,26,37,0,1,Average,3,11.1,44.03,1.21,0,0,Aumentar horas de estudio a minimo 6 horas diarias | Buscar apoyo en el servicio de bienestar universitario | Reducir redes sociales y videojuegos - invertir ese tiempo en estudio
1526,19,Male,Undergraduate,2.96,1.55,2.88,0.55,0.58,5.94,8.41,105,247,0,1,Average,7,36.59,59.95,24.12,0,0,Aumentar horas de estudio a minimo 6 horas diarias | Establecer rutina de sueno de minimo 7 horas diarias
4533,17,Other,Undergraduate,3.51,0.35,1.61,5.72,1.44,5.21,7.81,29,120,1,0,Poor,1,17.61,49.14,16.59,0,0,Aumentar horas de estudio a minimo 6 horas diarias | Buscar apoyo en el servicio de bienestar universitario | Reducir redes sociales y videojuegos - invertir ese tiempo en estudio | Establecer rutina de sueno de minimo 7 horas diarias
2354,21,Other,Undergraduate,5.11,4.75,1.05,2.42,1.39,7.63,5.05,81,224,0,0,Good,1,25.74,23.18,24.1,0,0,Buscar apoyo en el servicio de bienestar universitario
2224,18,Female,High School,2.73,1.45,3.13,1.63,2.57,6.28,5.14,129,127,1,1,Average,2,11.49,55.35,7.11,0,0,Aumentar horas de estudio a minimo 6 horas diarias | Buscar apoyo en el servicio de bienestar universitario | Reducir redes sociales y videojuegos - invertir ese tiempo en estudio
4233,23,Other,Undergraduate,7.07,2.23,1.71,2.0,1.71,5.29,9.18,132,48,1,0,Good,1,17.25,58.94,31.56,0,0,Buscar apoyo en el servicio de bienestar universitario | Establecer rutina de sueno de minimo 7 horas diarias
1790,20,Male,Postgraduate,4.76,2.8,2.16,1.91,1.02,4.73,4.62,4,403,0,0,Average,1,25.93,48.48,15.25,0,0,Buscar apoyo en el servicio de bienestar universitario | Establecer rutina de sueno de minimo 7 horas diarias
1934,17,Female,Undergraduate,6.37,4.21,3.33,7.73,2.77,5.79,9.51,21,392,0,1,Good,4,25.15,66.33,43.16,0,1,Nivel de agotamiento alto - incluir pausas y descanso | Buscar apoyo en el servicio de bienestar universitario | Reducir redes sociales y videojuegos - invertir ese tiempo en estudio | Establecer rutina de sueno de minimo 7 horas diarias
1183,17,Female,Postgraduate,3.7,1.84,3.05,3.05,0.64,6.96,5.72,92,394,1,1,Good,3,31.65,65.61,17.45,0,0,Aumentar horas de estudio a minimo 6 horas diarias | Nivel de agotamiento alto - incluir pausas y descanso | Buscar apoyo en el servicio de bienestar universitario
2444,17,Female,Undergraduate,3.91,1.29,2.1,2.41,0.0,6.95,7.86,28,495,0,1,Poor,2,23.55,64.44,10.48,0,0,Aumentar horas de estudio a minimo 6 horas diarias | Nivel de agotamiento alto - incluir pausas y descanso | Buscar apoyo en el servicio de bienestar universitario
2391,16,Female,Undergraduate,5.09,2.01,0.36,4.03,1.12,7.51,8.54,127,348,1,0,Poor,1,17.18,41.72,31.54,0,1,Buscar apoyo en el servicio de bienestar universitario | Reducir redes sociales y videojuegos - invertir ese tiempo en estudio
1101,18,Other,Undergraduate,5.43,2.67,3.46,3.95,0.16,5.63,6.5,97,359,0,1,Good,8,25.32,63.73,44.29,0,1,Nivel de agotamiento alto - incluir pausas y descanso | Reducir redes sociales y videojuegos - invertir ese tiempo en estudio | Establecer rutina de sueno de minimo 7 horas diarias
3604,24,Other,Undergraduate,5.09,2.83,4.19,3.23,0.94,6.78,6.05,29,387,0,1,Average,1,15.41,50.34,21.8,0,0,Buscar apoyo en el servicio de bienestar universitario | Reducir redes sociales y videojuegos - invertir ese tiempo en estudio
4149,23,Female,Undergraduate,2.19,2.19,1.76,1.42,3.26,7.24,10.28,86,300,1,1,Good,6,21.94,61.25,23.81,0,0,Aumentar horas de estudio a minimo 6 horas diarias | Nivel de agotamiento alto - incluir pausas y descanso | Reducir redes sociales y videojuegos - invertir ese tiempo en estudio
2951,24,Other,High School,4.31,1.26,2.18,0.0,0.31,8.05,10.08,92,422,0,1,Good,6,23.79,54.94,29.62,0,0,Revisar habitos generales con un tutor academico
3623,20,Male,High School,1.64,2.1,2.27,1.51,2.52,5.57,10.49,24,266,0,1,Average,8,14.95,68.2,10.42,0,0,Aumentar horas de estudio a minimo 6 horas diarias | Nivel de agotamiento alto - incluir pausas y descanso | Reducir redes sociales y videojuegos - invertir ese tiempo en estudio | Establecer rutina de sueno de minimo 7 horas diarias
858,24,Male,High School,2.77,2.37,2.33,3.66,0.08,7.48,9.01,16,371,0,1,Poor,4,15.33,48.32,22.66,0,0,Aumentar horas de estudio a minimo 6 horas diarias | Buscar apoyo en el servicio de bienestar universitario
3780,20,Other,Undergraduate,4.52,1.03,1.97,4.56,1.95,7.0,8.4,76,83,0,0,Good,5,30.19,35.64,35.48,0,1,Reducir redes sociales y videojuegos - invertir ese tiempo en estudio
2803,24,Female,Postgraduate,5.62,0.06,3.29,2.38,3.05,4.45,8.33,73,212,1,0,Good,1,11.61,41.99,31.22,0,0,Buscar apoyo en el servicio de bienestar universitario | Reducir redes sociales y videojuegos - invertir ese tiempo en estudio | Establecer rutina de sueno de minimo 7 horas diarias
4813,17,Female,Undergraduate,3.8,3.46,4.1,2.74,0.22,6.52,7.72,133,106,1,1,Poor,6,34.55,50.75,32.9,0,1,Aumentar horas de estudio a minimo 6 horas diarias
2950,24,Other,High School,5.25,1.76,3.31,3.29,1.34,7.21,8.47,103,360,1,0,Good,1,18.86,42.28,23.78,0,0,Buscar apoyo en el servicio de bienestar universitario | Reducir redes sociales y videojuegos - invertir ese tiempo en estudio
1266,21,Female,High School,2.92,0.65,3.04,0.9,2.43,6.51,8.64,31,52,1,1,Good,7,35.41,64.69,29.6,0,0,Aumentar horas de estudio a minimo 6 horas diarias | Nivel de agotamiento alto - incluir pausas y descanso
2583,19,Female,Undergraduate,0.78,3.16,2.22,2.24,2.46,7.02,12.02,124,186,1,1,Average,7,24.06,64.41,12.2,0,0,Aumentar horas de estudio a minimo 6 horas diarias | Nivel de agotamiento alto - incluir pausas y descanso | Reducir redes sociales y videojuegos - invertir ese tiempo en estudio
4747,25,Other,Postgraduate,1.04,1.9,1.43,2.55,3.27,6.35,6.79,6,113,1,1,Good,1,8.22,67.01,1.0,0,0,Aumentar horas de estudio a minimo 6 horas diarias | Nivel de agotamiento alto - incluir pausas y descanso | Buscar apoyo en el servicio de bienestar universitario | Reducir redes sociales y videojuegos - invertir ese tiempo en estudio
2135,21,Male,High School,3.81,3.66,1.29,5.94,1.43,7.18,10.29,50,289,1,0,Poor,5,20.33,52.21,27.79,0,0,Aumentar horas de estudio a minimo 6 horas diarias | Reducir redes sociales y videojuegos - invertir ese tiempo en estudio
4026,20,Female,Postgraduate,4.34,0.95,2.51,3.7,2.09,5.33,7.63,27,423,1,1,Average,10,25.72,73.87,33.7,0,0,Nivel de agotamiento alto - incluir pausas y descanso | Reducir redes sociales y videojuegos - invertir ese tiempo en estudio | Establecer rutina de sueno de minimo 7 horas diarias
2892,24,Female,Undergraduate,4.44,3.75,1.18,1.52,0.0,8.1,4.8,97,413,1,1,Good,4,31.74,51.28,34.76,0,0,Buscar apoyo en el servicio de bienestar universitario
3194,18,Other,Postgraduate,4.94,2.69,0.09,4.08,0.0,8.45,7.86,8,134,0,0,Poor,2,20.15,18.49,34.92,0,1,Buscar apoyo en el servicio de bienestar universitario | Reducir redes sociales y videojuegos - invertir ese tiempo en estudio
3242,20,Other,High School,2.16,2.21,3.46,0.0,0.0,7.9,10.13,47,322,1,1,Good,9,33.85,62.09,32.01,0,0,Aumentar horas de estudio a minimo 6 horas diarias | Nivel de agotamiento alto - incluir pausas y descanso
963,23,Other,Postgraduate,3.97,2.32,1.69,2.48,1.0,7.02,8.0,37,494,1,0,Average,4,40.9,54.91,28.87,0,0,Aumentar horas de estudio a minimo 6 horas diarias | Buscar apoyo en el servicio de bienestar universitario
2159,25,Other,High School,4.19,1.05,2.32,3.42,4.52,5.49,4.43,60,327,0,1,Good,3,14.33,57.61,11.85,0,0,Buscar apoyo en el servicio de bienestar universitario | Reducir redes sociales y videojuegos - invertir ese tiempo en estudio | Establecer rutina de sueno de minimo 7 horas diarias
3687,19,Female,Postgraduate,5.06,3.53,0.56,2.04,2.52,4.75,8.34,40,461,1,1,Average,7,27.91,87.98,30.32,0,0,Nivel de agotamiento alto - incluir pausas y descanso | Reducir redes sociales y videojuegos - invertir ese tiempo en estudio | Establecer rutina de sueno de minimo 7 horas diarias
2360,23,Other,Undergraduate,2.79,3.43,2.09,2.53,3.05,8.95,8.24,92,55,0,1,Poor,1,18.07,32.13,12.01,0,0,Aumentar horas de estudio a minimo 6 horas diarias | Buscar apoyo en el servicio de bienestar universitario | Reducir redes sociales y videojuegos - invertir ese tiempo en estudio
3342,17,Male,Undergraduate,1.11,5.05,0.58,3.15,1.37,6.17,10.4,11,430,1,1,Poor,10,34.47,72.64,26.47,0,0,Aumentar horas de estudio a minimo 6 horas diarias | Nivel de agotamiento alto - incluir pausas y descanso | Reducir redes sociales y videojuegos - invertir ese tiempo en estudio
4700,23,Female,High School,0.99,0.82,0.72,4.81,0.5,5.73,4.56,92,465,0,1,Good,1,12.5,56.66,1.0,0,0,Aumentar horas de estudio a minimo 6 horas diarias | Buscar apoyo en el servicio de bienestar universitario | Reducir redes sociales y videojuegos - invertir ese tiempo en estudio | Establecer rutina de sueno de minimo 7 horas diarias
1549,18,Male,Undergraduate,1.85,1.47,1.47,6.56,0.0,7.45,6.85,95,178,1,0,Good,7,23.52,54.3,21.26,0,0,Aumentar horas de estudio a minimo 6 horas diarias | Reducir redes sociales y videojuegos - invertir ese tiempo en estudio
4,17,Other,High School,5.75,2.08,3.01,2.27,2.2,6.31,11.67,113,480,1,1,Poor,3,22.31,77.31,20.92,0,0,Nivel de agotamiento alto - incluir pausas y descanso | Buscar apoyo en el servicio de bienestar universitario | Reducir redes sociales y videojuegos - invertir ese tiempo en estudio
1121,18,Other,Postgraduate,3.05,2.44,3.09,5.15,0.33,5.67,7.02,14,367,0,0,Average,9,23.53,47.16,36.1,0,1,Aumentar horas de estudio a minimo 6 horas diarias | Reducir redes sociales y videojuegos - invertir ese tiempo en estudio | Establecer rutina de sueno de minimo 7 horas diarias
2327,25,Female,High School,5.31,2.08,1.65,1.91,0.0,8.24,9.27,105,133,1,1,Good,3,27.96,42.0,34.98,0,0,Buscar apoyo en el servicio de bienestar universitario
1784,24,Female,Postgraduate,1.28,2.9,1.1,4.18,3.95,8.87,5.74,75,256,1,0,Good,1,7.24,43.11,7.79,0,0,Aumentar horas de estudio a minimo 6 horas diarias | Buscar apoyo en el servicio de bienestar universitario | Reducir redes sociales y videojuegos - invertir ese tiempo en estudio
2504,18,Female,High School,2.7,2.4,2.68,1.32,2.24,5.79,1.0,67,291,1,1,Poor,3,11.54,60.49,6.92,0,0,Aumentar horas de estudio a minimo 6 horas diarias | Nivel de agotamiento alto - incluir pausas y descanso | Buscar apoyo en el servicio de bienestar universitario | Establecer rutina de sueno de minimo 7 horas diarias
1322,19,Other,High School,1.8,1.38,2.13,2.99,3.13,7.4,9.8,130,195,1,1,Good,3,20.68,64.67,1.17,0,0,Aumentar horas de estudio a minimo 6 horas diarias | Nivel de agotamiento alto - incluir pausas y descanso | Buscar apoyo en el servicio de bienestar universitario | Reducir redes sociales y videojuegos - invertir ese tiempo en estudio
739,22,Male,High School,6.97,1.37,2.37,4.92,3.0,5.21,3.47,86,43,0,0,Average,1,6.82,25.35,23.4,0,0,Buscar apoyo en el servicio de bienestar universitario | Reducir redes sociales y videojuegos - invertir ese tiempo en estudio | Establecer rutina de sueno de minimo 7 horas diarias
4877,18,Male,Undergraduate,3.52,4.2,0.19,0.31,0.0,6.92,8.71,27,59,1,1,Poor,1,24.36,68.0,2.28,0,0,Aumentar horas de estudio a minimo 6 horas diarias | Nivel de agotamiento alto - incluir pausas y descanso | Buscar apoyo en el servicio de bienestar universitario
3100,20,Female,Undergraduate,3.13,5.08,1.49,4.15,0.48,6.96,6.05,73,30,1,1,Good,4,29.98,60.21,23.79,0,0,Aumentar horas de estudio a minimo 6 horas diarias | Nivel de agotamiento alto - incluir pausas y descanso | Buscar apoyo en el servicio de bienestar universitario | Reducir redes sociales y videojuegos - invertir ese tiempo en estudio
252,18,Male,Undergraduate,2.38,4.58,2.56,3.12,1.96,8.89,7.82,73,408,0,1,Good,6,30.85,45.55,22.5,0,0,Aumentar horas de estudio a minimo 6 horas diarias | Reducir redes sociales y videojuegos - invertir ese tiempo en estudio
2650,20,Other,Undergraduate,3.62,3.62,3.47,1.51,2.34,6.03,4.6,133,266,0,0,Average,6,27.22,35.55,35.93,0,0,Aumentar horas de estudio a minimo 6 horas diarias
834,23,Male,Undergraduate,3.98,3.7,1.95,3.44,0.92,4.16,2.97,128,429,0,0,Poor,3,19.63,42.57,23.65,0,0,Aumentar horas de estudio a minimo 6 horas diarias | Buscar apoyo en el servicio de bienestar universitario | Reducir redes sociales y videojuegos - invertir ese tiempo en estudio | Establecer rutina de sueno de minimo 7 horas diarias
3576,21,Female,High School,3.01,0.89,2.33,3.69,0.35,5.88,9.85,59,152,1,1,Poor,4,25.17,66.64,10.52,0,0,Aumentar horas de estudio a minimo 6 horas diarias | Nivel de agotamiento alto - incluir pausas y descanso | Buscar apoyo en el servicio de bienestar universitario | Reducir redes sociales y videojuegos - invertir ese tiempo en estudio | Establecer rutina de sueno de minimo 7 horas diarias
2506,16,Male,Undergraduate,4.86,5.14,2.24,3.26,4.07,5.87,8.05,15,343,1,1,Average,4,21.25,79.29,24.46,0,0,Nivel de agotamiento alto - incluir pausas y descanso | Buscar apoyo en el servicio de bienestar universitario | Reducir redes sociales y videojuegos - invertir ese tiempo en estudio | Establecer rutina de sueno de minimo 7 horas diarias
249,23,Other,Undergraduate,1.01,3.56,3.25,3.18,0.0,6.6,7.51,77,7,1,1,Poor,5,20.97,48.81,21.21,0,0,Aumentar horas de estudio a minimo 6 horas diarias
4171,24,Female,Postgraduate,4.76,2.74,1.95,4.61,0.0,6.68,8.86,107,88,1,1,Good,2,21.04,63.71,15.36,0,0,Nivel de agotamiento alto - incluir pausas y descanso | Buscar apoyo en el servicio de bienestar universitario | Reducir redes sociales y videojuegos - invertir ese tiempo en estudio
3475,20,Other,Postgraduate,3.34,1.76,2.03,1.47,0.59,7.57,8.84,60,269,0,1,Average,5,18.31,48.02,26.78,0,0,Aumentar horas de estudio a minimo 6 horas diarias
1747,24,Female,High School,4.11,2.86,1.76,2.91,1.72,5.43,13.53,108,150,1,0,Average,2,24.12,57.24,23.4,0,0,Buscar apoyo en el servicio de bienestar universitario | Reducir redes sociales y videojuegos - invertir ese tiempo en estudio | Establecer rutina de sueno de minimo 7 horas diarias
4539,19,Female,High School,1.55,1.44,2.04,3.94,2.16,6.89,8.56,19,425,1,1,Good,6,14.52,66.55,11.51,0,0,Aumentar horas de estudio a minimo 6 horas diarias | Nivel de agotamiento alto - incluir pausas y descanso | Reducir redes sociales y videojuegos - invertir ese tiempo en estudio
4147,18,Female,High School,1.07,1.46,2.17,2.63,0.95,7.13,5.48,125,445,1,0,Poor,8,14.22,37.31,26.43,0,0,Aumentar horas de estudio a minimo 6 horas diarias
1257,24,Male,Undergraduate,2.43,1.48,2.1,3.28,3.07,6.57,5.39,124,8,0,0,Average,1,14.06,20.42,23.25,0,0,Aumentar horas de estudio a minimo 6 horas diarias | Buscar apoyo en el servicio de bienestar universitario | Reducir redes sociales y videojuegos - invertir ese tiempo en estudio
4726,19,Other,High School,2.67,1.95,3.31,2.53,2.45,6.21,7.21,63,330,1,0,Poor,4,18.85,53.4,11.95,0,0,Aumentar horas de estudio a minimo 6 horas diarias | Buscar apoyo en el servicio de bienestar universitario | Reducir redes sociales y videojuegos - invertir ese tiempo en estudio
1468,22,Male,Undergraduate,7.83,1.33,3.13,3.13,1.23,5.8,3.3,65,449,1,1,Good,1,26.39,69.67,30.05,0,0,Nivel de agotamiento alto - incluir pausas y descanso | Buscar apoyo en el servicio de bienestar universitario | Reducir redes sociales y videojuegos - invertir ese tiempo en estudio | Establecer rutina de sueno de minimo 7 horas diarias
1445,20,Female,Undergraduate,3.56,4.09,3.34,2.16,2.43,7.63,4.79,0,21,0,1,Average,2,25.38,33.13,21.2,0,0,Aumentar horas de estudio a minimo 6 horas diarias | Buscar apoyo en el servicio de bienestar universitario | Reducir redes sociales y videojuegos - invertir ese tiempo en estudio
4415,22,Other,Postgraduate,4.32,2.67,2.85,5.07,0.6,7.64,9.31,103,382,1,1,Average,3,29.1,49.28,30.7,0,0,Buscar apoyo en el servicio de bienestar universitario | Reducir redes sociales y videojuegos - invertir ese tiempo en estudio
1221,18,Male,Undergraduate,1.78,1.03,1.4,2.9,0.91,6.16,7.97,17,120,1,0,Poor,10,24.13,61.67,30.38,0,0,Aumentar horas de estudio a minimo 6 horas diarias | Nivel de agotamiento alto - incluir pausas y descanso
948,17,Female,High School,2.59,4.38,2.09,1.03,2.16,5.67,10.07,112,285,1,1,Poor,8,35.65,67.45,25.05,0,0,Aumentar horas de estudio a minimo 6 horas diarias | Nivel de agotamiento alto - incluir pausas y descanso | Establecer rutina de sueno de minimo 7 horas diarias
617,16,Male,High School,5.76,1.23,2.23,2.07,0.0,7.46,9.01,139,112,1,1,Poor,3,17.2,48.09,33.08,0,0,Buscar apoyo en el servicio de bienestar universitario
4348,18,Other,High School,2.16,4.13,4.04,2.05,1.59,7.77,10.72,127,397,1,1,Average,5,20.22,57.61,17.39,0,0,Aumentar horas de estudio a minimo 6 horas diarias
3183,24,Male,Postgraduate,5.37,1.77,0.83,2.14,0.69,7.87,6.85,31,63,1,0,Average,1,30.55,34.67,31.5,0,1,Buscar apoyo en el servicio de bienestar universitario
3336,16,Female,Postgraduate,2.53,1.51,1.1,4.83,1.98,6.74,11.46,0,166,1,1,Good,9,18.56,66.49,26.52,0,0,Aumentar horas de estudio a minimo 6 horas diarias | Nivel de agotamiento alto - incluir pausas y descanso | Reducir redes sociales y videojuegos - invertir ese tiempo en estudio
523,23,Female,Postgraduate,1.38,2.35,2.17,3.2,0.67,7.02,1.0,20,377,1,1,Poor,5,10.99,47.96,11.99,0,0,Aumentar horas de estudio a minimo 6 horas diarias
3866,22,Female,Undergraduate,3.13,2.41,4.05,0.0,2.31,5.44,4.07,66,380,1,1,Average,3,20.55,60.24,17.98,0,0,Aumentar horas de estudio a minimo 6 horas diarias | Nivel de agotamiento alto - incluir pausas y descanso | Buscar apoyo en el servicio de bienestar universitario | Establecer rutina de sueno de minimo 7 horas diarias
4832,23,Other,Postgraduate,6.24,1.3,1.99,3.14,2.82,6.19,5.49,43,219,0,1,Poor,4,29.06,51.71,30.58,0,0,Buscar apoyo en el servicio de bienestar universitario | Reducir redes sociales y videojuegos - invertir ese tiempo en estudio
1324,19,Male,Postgraduate,4.11,0.31,1.45,0.41,0.73,6.77,1.0,10,47,0,1,Poor,2,23.69,35.45,27.25,0,1,Buscar apoyo en el servicio de bienestar universitario
69,21,Female,High School,4.9,1.56,3.26,3.08,1.54,7.48,6.29,17,441,0,0,Poor,3,29.04,38.91,27.83,0,0,Buscar apoyo en el servicio de bienestar universitario | Reducir redes sociales y videojuegos - invertir ese tiempo en estudio
2369,16,Male,Postgraduate,3.04,0.0,1.3,3.81,3.24,7.42,3.64,0,359,0,1,Good,6,23.84,48.44,18.89,0,0,Aumentar horas de estudio a minimo 6 horas diarias | Reducir redes sociales y videojuegos - invertir ese tiempo en estudio
4307,21,Female,Undergraduate,2.83,4.81,3.58,2.39,1.78,8.38,3.9,123,42,1,1,Good,4,30.1,33.75,23.65,0,0,Aumentar horas de estudio a minimo 6 horas diarias | Buscar apoyo en el servicio de bienestar universitario | Reducir redes sociales y videojuegos - invertir ese tiempo en estudio
1822,17,Female,High School,4.44,3.15,0.0,3.96,0.96,7.93,7.39,40,277,1,1,Good,1,27.36,58.6,17.16,0,0,Buscar apoyo en el servicio de bienestar universitario | Reducir redes sociales y videojuegos - invertir ese tiempo en estudio
383,19,Female,Postgraduate,4.66,2.54,2.04,0.0,1.45,7.02,8.47,15,236,1,1,Poor,2,33.28,60.13,32.77,0,0,Nivel de agotamiento alto - incluir pausas y descanso | Buscar apoyo en el servicio de bienestar universitario
2119,20,Male,High School,5.48,2.1,1.23,3.73,2.74,5.44,6.03,149,420,0,0,Poor,2,11.47,37.81,20.82,0,0,Buscar apoyo en el servicio de bienestar universitario | Reducir redes sociales y videojuegos - invertir ese tiempo en estudio | Establecer rutina de sueno de minimo 7 horas diarias
2377,18,Other,Undergraduate,3.88,1.31,2.44,3.47,0.04,6.14,13.71,59,29,1,1,Good,7,34.29,68.5,38.46,0,0,Aumentar horas de estudio a minimo 6 horas diarias | Nivel de agotamiento alto - incluir pausas y descanso
1788,21,Female,Undergraduate,5.11,2.53,0.97,4.39,0.71,7.02,4.54,89,58,0,1,Good,2,16.24,36.24,28.46,0,0,Buscar apoyo en el servicio de bienestar universitario | Reducir redes sociales y videojuegos - invertir ese tiempo en estudio
2622,22,Male,Undergraduate,4.57,3.22,3.89,0.82,0.94,7.36,13.59,145,242,0,0,Good,2,26.26,43.66,23.65,0,0,Buscar apoyo en el servicio de bienestar universitario
3224,20,Female,Postgraduate,4.81,1.15,2.4,2.76,3.67,5.46,4.09,101,39,0,1,Average,4,22.97,37.36,35.2,0,0,Buscar apoyo en el servicio de bienestar universitario | Reducir redes sociales y videojuegos - invertir ese tiempo en estudio | Establecer rutina de sueno de minimo 7 horas diarias
664,24,Other,High School,4.6,0.8,1.43,4.13,0.88,8.85,11.88,70,65,1,0,Poor,3,19.33,32.31,29.93,0,0,Buscar apoyo en el servicio de bienestar universitario | Reducir redes sociales y videojuegos - invertir ese tiempo en estudio
3251,21,Male,Postgraduate,4.36,2.67,1.3,2.07,0.77,8.4,5.13,20,303,1,1,Poor,4,26.05,62.17,17.86,0,0,Nivel de agotamiento alto - incluir pausas y descanso | Buscar apoyo en el servicio de bienestar universitario
4214,22,Male,High School,3.01,1.99,1.35,3.53,2.67,8.84,7.13,58,14,0,1,Average,1,17.87,40.93,9.36,0,0,Aumentar horas de estudio a minimo 6 horas diarias | Buscar apoyo en el servicio de bienestar universitario | Reducir redes sociales y videojuegos - invertir ese tiempo en estudio
90,19,Other,Undergraduate,8.29,4.72,2.4,1.98,2.25,6.8,9.42,44,52,1,1,Good,2,25.75,62.19,33.98,0,0,Nivel de agotamiento alto - incluir pausas y descanso | Buscar apoyo en el servicio de bienestar universitario | Reducir redes sociales y videojuegos - invertir ese tiempo en estudio
4741,22,Female,Postgraduate,4.01,0.08,3.01,2.73,2.34,5.76,4.9,127,373,0,1,Average,3,15.47,42.82,24.35,0,0,Buscar apoyo en el servicio de bienestar universitario | Reducir redes sociales y videojuegos - invertir ese tiempo en estudio | Establecer rutina de sueno de minimo 7 horas diarias
1712,23,Female,Postgraduate,4.3,3.73,3.6,5.81,0.0,6.1,8.13,57,485,1,1,Good,3,17.29,63.32,17.95,0,0,Nivel de agotamiento alto - incluir pausas y descanso | Buscar apoyo en el servicio de bienestar universitario | Reducir redes sociales y videojuegos - invertir ese tiempo en estudio
1147,17,Other,Undergraduate,7.78,2.22,3.17,4.24,2.17,6.67,8.97,90,353,0,0,Poor,2,25.34,44.76,35.64,0,1,Buscar apoyo en el servicio de bienestar universitario | Reducir redes sociales y videojuegos - invertir ese tiempo en estudio
3038,25,Female,Undergraduate,5.11,1.37,2.62,2.26,0.0,6.15,1.61,76,338,0,1,Poor,4,25.67,53.45,34.12,0,0,Buscar apoyo en el servicio de bienestar universitario
3429,16,Male,High School,2.43,1.48,1.58,3.96,1.26,6.59,9.54,75,256,0,1,Good,4,17.36,54.44,12.74,0,0,Aumentar horas de estudio a minimo 6 horas diarias | Buscar apoyo en el servicio de bienestar universitario | Reducir redes sociales y videojuegos - invertir ese tiempo en estudio
1601,20,Other,High School,2.8,2.15,1.39,3.75,1.4,8.49,11.19,29,335,0,1,Good,6,17.93,57.22,14.41,0,0,Aumentar horas de estudio a minimo 6 horas diarias | Reducir redes sociales y videojuegos - invertir ese tiempo en estudio
2687,22,Other,Postgraduate,1.58,2.82,0.74,2.97,1.57,8.4,13.01,47,39,1,0,Good,9,34.29,39.63,22.96,0,1,Aumentar horas de estudio a minimo 6 horas diarias | Reducir redes sociales y videojuegos - invertir ese tiempo en estudio
2192,21,Female,High School,3.81,3.11,2.9,1.56,2.05,6.89,10.64,42,184,0,1,Average,6,22.58,53.47,23.47,0,0,Aumentar horas de estudio a minimo 6 horas diarias
2219,22,Male,Postgraduate,5.24,3.72,5.16,4.25,1.37,7.42,4.49,132,100,1,0,Good,1,21.78,21.46,31.69,0,1,Buscar apoyo en el servicio de bienestar universitario | Reducir redes sociales y videojuegos - invertir ese tiempo en estudio
204,21,Male,High School,2.92,2.09,0.0,4.23,0.0,8.15,6.72,143,496,0,0,Average,1,13.84,22.51,18.09,0,0,Aumentar horas de estudio a minimo 6 horas diarias | Buscar apoyo en el servicio de bienestar universitario | Reducir redes sociales y videojuegos - invertir ese tiempo en estudio
3378,25,Male,Undergraduate,6.4,1.12,0.27,4.08,1.11,5.86,6.56,56,102,1,1,Average,4,19.12,69.84,27.0,0,0,Nivel de agotamiento alto - incluir pausas y descanso | Buscar apoyo en el servicio de bienestar universitario | Reducir redes sociales y videojuegos - invertir ese tiempo en estudio | Establecer rutina de sueno de minimo 7 horas diarias
2344,20,Other,Postgraduate,3.48,1.45,1.31,2.71,2.13,6.53,4.81,99,201,1,0,Poor,2,24.84,30.94,24.72,0,0,Aumentar horas de estudio a minimo 6 horas diarias | Buscar apoyo en el servicio de bienestar universitario | Reducir redes sociales y videojuegos - invertir ese tiempo en estudio
3719,18,Male,Postgraduate,2.19,2.9,2.12,3.41,0.3,6.91,4.38,79,385,0,1,Good,1,7.61,35.4,8.3,0,0,Aumentar horas de estudio a minimo 6 horas diarias | Buscar apoyo en el servicio de bienestar universitario
3332,18,Male,High School,2.28,3.05,1.89,2.23,0.0,6.48,6.68,143,460,0,1,Good,6,28.53,58.13,29.88,0,0,Aumentar horas de estudio a minimo 6 horas diarias
4042,17,Male,High School,2.86,2.4,2.9,2.96,0.0,6.46,8.74,40,273,0,1,Poor,2,18.42,61.01,2.92,0,0,Aumentar horas de estudio a minimo 6 horas diarias | Nivel de agotamiento alto - incluir pausas y descanso | Buscar apoyo en el servicio de bienestar universitario
1582,21,Female,Postgraduate,2.99,1.47,2.19,1.41,1.1,5.83,5.25,101,151,0,1,Average,4,17.66,48.03,18.12,0,0,Aumentar horas de estudio a minimo 6 horas diarias | Buscar apoyo en el servicio de bienestar universitario | Establecer rutina de sueno de minimo 7 horas diarias
577,21,Female,Undergraduate,3.52,5.02,1.95,4.18,0.67,7.52,2.94,10,422,0,1,Average,5,33.05,49.36,31.68,0,1,Aumentar horas de estudio a minimo 6 horas diarias | Reducir redes sociales y videojuegos - invertir ese tiempo en estudio
4163,19,Male,High School,6.47,3.26,3.23,2.6,2.64,8.72,5.12,5,202,1,0,Poor,2,30.11,30.35,32.18,0,0,Buscar apoyo en el servicio de bienestar universitario | Reducir redes sociales y videojuegos - invertir ese tiempo en estudio
2904,16,Male,High School,4.86,3.16,1.16,0.82,0.94,7.05,9.22,51,20,0,0,Average,3,25.06,20.63,30.89,0,0,Buscar apoyo en el servicio de bienestar universitario
4199,23,Male,High School,2.85,4.08,2.53,1.42,0.16,7.51,8.35,137,364,1,1,Good,3,25.77,54.91,9.48,0,0,Aumentar horas de estudio a minimo 6 horas diarias | Buscar apoyo en el servicio de bienestar universitario
4176,25,Other,Postgraduate,0.77,1.22,3.27,4.23,1.59,5.48,5.57,128,96,0,0,Good,8,22.79,33.77,21.29,0,0,Aumentar horas de estudio a minimo 6 horas diarias | Reducir redes sociales y videojuegos - invertir ese tiempo en estudio | Establecer rutina de sueno de minimo 7 horas diarias
2316,16,Other,Postgraduate,3.83,2.05,0.0,2.96,1.04,9.26,8.44,31,203,1,1,Good,3,30.66,54.68,19.11,0,0,Aumentar horas de estudio a minimo 6 horas diarias | Buscar apoyo en el servicio de bienestar universitario
1014,19,Male,Postgraduate,1.13,4.88,2.08,2.82,1.98,6.55,4.3,85,119,1,1,Average,5,22.43,42.29,12.34,0,0,Aumentar horas de estudio a minimo 6 horas diarias | Reducir redes sociales y videojuegos - invertir ese tiempo en estudio
3977,21,Female,Postgraduate,4.25,0.34,0.71,3.95,3.22,5.92,6.09,101,236,1,1,Average,7,32.85,60.0,35.76,0,0,Reducir redes sociales y videojuegos - invertir ese tiempo en estudio | Establecer rutina de sueno de minimo 7 horas diarias
1035,19,Female,Undergraduate,4.55,4.61,2.59,3.49,0.0,7.59,8.26,52,37,1,1,Good,7,36.81,50.98,34.48,0,0,Revisar habitos generales con un tutor academico
11,25,Other,Postgraduate,2.28,2.69,2.95,3.27,0.6,6.4,4.94,146,24,1,1,Poor,8,19.21,48.25,24.48,0,0,Aumentar horas de estudio a minimo 6 horas diarias
3218,18,Other,Undergraduate,6.9,4.44,1.31,1.68,0.4,6.28,8.58,94,469,0,0,Good,1,38.36,53.9,31.25,0,1,Buscar apoyo en el servicio de bienestar universitario
1940,24,Other,High School,0.05,1.49,0.84,4.05,0.0,7.8,6.46,118,407,0,0,Poor,10,23.77,20.91,31.91,0,1,Aumentar horas de estudio a minimo 6 horas diarias | Reducir redes sociales y videojuegos - invertir ese tiempo en estudio
2762,23,Other,Undergraduate,4.98,2.24,2.45,4.39,2.75,9.57,6.99,67,174,1,0,Poor,3,25.56,22.22,32.48,0,1,Buscar apoyo en el servicio de bienestar universitario | Reducir redes sociales y videojuegos - invertir ese tiempo en estudio
2090,18,Male,Undergraduate,0.38,3.73,1.33,1.45,1.35,5.42,10.56,99,498,0,0,Good,3,22.23,54.48,10.47,0,0,Aumentar horas de estudio a minimo 6 horas diarias | Buscar apoyo en el servicio de bienestar universitario | Establecer rutina de sueno de minimo 7 horas diarias
3640,17,Other,Undergraduate,1.83,3.26,3.16,5.44,2.72,6.91,8.1,3,44,1,0,Average,7,21.82,41.52,23.6,0,0,Aumentar horas de estudio a minimo 6 horas diarias | Reducir redes sociales y videojuegos - invertir ese tiempo en estudio
3060,21,Female,Undergraduate,1.28,1.17,3.03,3.08,0.0,9.4,7.33,146,329,0,0,Poor,6,25.16,16.17,28.64,0,1,Aumentar horas de estudio a minimo 6 horas diarias
4366,23,Male,Undergraduate,5.57,2.76,0.95,5.56,0.56,8.38,9.92,31,1,1,0,Poor,5,30.06,29.78,36.2,0,1,Reducir redes sociales y videojuegos - invertir ese tiempo en estudio
3410,22,Other,Postgraduate,3.02,3.24,2.7,1.21,1.35,6.43,7.93,134,474,0,1,Good,7,34.96,47.66,27.7,0,1,Aumentar horas de estudio a minimo 6 horas diarias
3253,24,Male,High School,2.18,5.19,1.14,5.05,0.0,5.12,7.65,29,251,1,1,Good,8,35.39,76.93,19.09,0,0,Aumentar horas de estudio a minimo 6 horas diarias | Nivel de agotamiento alto - incluir pausas y descanso | Reducir redes sociales y videojuegos - invertir ese tiempo en estudio | Establecer rutina de sueno de minimo 7 horas diarias
1567,22,Male,Undergraduate,5.75,0.88,1.57,2.49,0.75,6.79,10.18,109,368,1,1,Poor,4,23.04,68.67,31.88,0,0,Nivel de agotamiento alto - incluir pausas y descanso | Buscar apoyo en el servicio de bienestar universitario
3055,24,Other,Undergraduate,5.03,2.99,0.92,1.87,3.98,7.39,2.51,137,281,1,1,Average,2,18.52,52.88,25.05,0,0,Buscar apoyo en el servicio de bienestar universitario | Reducir redes sociales y videojuegos - invertir ese tiempo en estudio
700,17,Other,Postgraduate,5.83,2.92,0.0,0.13,0.0,4.0,5.12,26,246,1,1,Good,6,31.71,66.37,39.02,0,0,Nivel de agotamiento alto - incluir pausas y descanso | Establecer rutina de sueno de minimo 7 horas diarias
1404,18,Other,Postgraduate,4.2,1.47,0.25,4.38,1.98,6.17,8.78,39,385,0,0,Poor,3,18.9,42.5,23.95,0,0,Buscar apoyo en el servicio de bienestar universitario | Reducir redes sociales y videojuegos - invertir ese tiempo en estudio
845,18,Other,High School,3.37,3.22,2.9,1.35,1.01,5.58,6.43,58,141,0,0,Poor,7,27.32,44.45,31.13,0,1,Aumentar horas de estudio a minimo 6 horas diarias | Establecer rutina de sueno de minimo 7 horas diarias
1797,18,Other,Postgraduate,3.23,1.77,2.17,3.12,0.78,5.11,5.34,130,174,0,1,Good,3,21.73,44.12,24.69,0,0,Aumentar horas de estudio a minimo 6 horas diarias | Buscar apoyo en el servicio de bienestar universitario | Establecer rutina de sueno de minimo 7 horas diarias
3076,18,Other,High School,0.0,2.03,2.25,2.54,1.93,6.53,2.95,39,476,1,0,Average,8,10.99,48.08,5.94,0,0,Aumentar horas de estudio a minimo 6 horas diarias | Reducir redes sociales y videojuegos - invertir ese tiempo en estudio
3653,23,Female,Postgraduate,2.39,1.13,0.64,4.04,2.08,6.22,6.51,57,492,0,0,Good,4,12.25,40.16,13.26,0,0,Aumentar horas de estudio a minimo 6 horas diarias | Buscar apoyo en el servicio de bienestar universitario | Reducir redes sociales y videojuegos - invertir ese tiempo en estudio
2037,18,Female,Postgraduate,3.83,3.39,1.72,2.33,2.91,8.16,11.57,38,223,1,0,Good,5,29.41,48.66,33.62,0,0,Aumentar horas de estudio a minimo 6 horas diarias | Reducir redes sociales y videojuegos - invertir ese tiempo en estudio
4537,25,Female,Postgraduate,3.72,1.77,3.7,0.0,0.0,6.14,9.23,11,54,0,1,Poor,7,36.62,55.36,34.92,0,1,Aumentar horas de estudio a minimo 6 horas diarias
2260,17,Other,Postgraduate,2.94,1.41,1.76,1.73,3.69,6.59,7.99,135,117,1,1,Good,4,26.78,61.23,20.88,0,0,Aumentar horas de estudio a minimo 6 horas diarias | Nivel de agotamiento alto - incluir pausas y descanso | Buscar apoyo en el servicio de bienestar universitario | Reducir redes sociales y videojuegos - invertir ese tiempo en estudio
1437,20,Male,Undergraduate,3.61,3.26,2.2,2.18,1.13,4.0,6.81,76,245,1,1,Average,2,29.54,81.7,13.5,0,0,Aumentar horas de estudio a minimo 6 horas diarias | Nivel de agotamiento alto - incluir pausas y descanso | Buscar apoyo en el servicio de bienestar universitario | Establecer rutina de sueno de minimo 7 horas diarias
2043,20,Other,High School,4.1,3.69,0.96,4.77,0.0,6.55,9.61,12,252,1,1,Good,6,29.59,77.59,34.56,0,0,Nivel de agotamiento alto - incluir pausas y descanso | Reducir redes sociales y videojuegos - invertir ese tiempo en estudio
4157,24,Female,Postgraduate,5.18,2.48,0.51,2.29,0.14,6.94,10.13,148,404,0,0,Average,2,26.17,36.32,25.8,0,0,Buscar apoyo en el servicio de bienestar universitario
4873,19,Other,Undergraduate,5.13,3.52,1.12,5.69,1.5,7.36,8.91,7,436,1,1,Average,5,30.97,59.16,31.99,0,0,Reducir redes sociales y videojuegos - invertir ese tiempo en estudio
482,20,Other,Undergraduate,3.43,4.16,0.82,5.13,3.72,4.27,12.07,113,184,1,0,Good,3,12.15,67.0,19.28,0,0,Aumentar horas de estudio a minimo 6 horas diarias | Nivel de agotamiento alto - incluir pausas y descanso | Buscar apoyo en el servicio de bienestar universitario | Reducir redes sociales y videojuegos - invertir ese tiempo en estudio | Establecer rutina de sueno de minimo 7 horas diarias
2853,18,Female,High School,3.05,2.47,2.62,2.3,3.86,6.67,5.54,26,386,1,1,Average,2,17.37,66.28,6.11,0,0,Aumentar horas de estudio a minimo 6 horas diarias | Nivel de agotamiento alto - incluir pausas y descanso | Buscar apoyo en el servicio de bienestar universitario | Reducir redes sociales y videojuegos - invertir ese tiempo en estudio
2115,18,Other,Undergraduate,0.55,2.17,0.72,3.27,1.94,8.92,7.09,52,399,1,0,Poor,5,14.23,29.42,15.78,0,0,Aumentar horas de estudio a minimo 6 horas diarias | Reducir redes sociales y videojuegos - invertir ese tiempo en estudio
4865,19,Other,Undergraduate,3.07,2.79,3.98,4.69,1.99,7.01,1.0,75,495,0,1,Good,1,1.52,43.72,1.0,0,0,Aumentar horas de estudio a minimo 6 horas diarias | Buscar apoyo en el servicio de bienestar universitario | Reducir redes sociales y videojuegos - invertir ese tiempo en estudio
1693,17,Other,Postgraduate,3.6,2.89,1.12,3.0,0.67,5.55,10.87,74,343,0,0,Good,3,33.6,59.36,13.76,0,0,Aumentar horas de estudio a minimo 6 horas diarias | Buscar apoyo en el servicio de bienestar universitario | Establecer rutina de sueno de minimo 7 horas diarias
407,23,Female,Postgraduate,7.68,4.9,2.0,4.73,0.99,5.06,9.85,24,453,1,1,Average,4,24.14,77.07,32.09,0,0,Nivel de agotamiento alto - incluir pausas y descanso | Buscar apoyo en el servicio de bienestar universitario | Reducir redes sociales y videojuegos - invertir ese tiempo en estudio | Establecer rutina de sueno de minimo 7 horas diarias
441,18,Male,High School,6.58,2.19,2.76,1.62,1.9,6.56,10.8,50,264,1,0,Average,2,26.38,49.74,31.05,0,1,Buscar apoyo en el servicio de bienestar universitario
1518,20,Male,Undergraduate,4.81,2.32,3.53,2.28,2.71,5.92,5.41,76,142,0,1,Average,6,21.9,44.51,33.96,0,0,Reducir redes sociales y videojuegos - invertir ese tiempo en estudio | Establecer rutina de sueno de minimo 7 horas diarias
384,22,Other,High School,2.37,1.08,2.89,4.98,0.21,8.39,9.98,36,369,1,0,Good,5,16.11,41.53,19.79,0,0,Aumentar horas de estudio a minimo 6 horas diarias | Reducir redes sociales y videojuegos - invertir ese tiempo en estudio
1124,19,Female,Undergraduate,4.15,2.86,2.42,2.92,1.34,5.88,6.21,112,463,0,1,Good,3,16.67,54.98,22.67,0,0,Buscar apoyo en el servicio de bienestar universitario | Reducir redes sociales y videojuegos - invertir ese tiempo en estudio | Establecer rutina de sueno de minimo 7 horas diarias
1242,23,Female,High School,3.26,1.17,1.37,2.6,3.13,5.75,12.44,30,320,1,1,Poor,10,15.41,81.64,24.56,0,0,Aumentar horas de estudio a minimo 6 horas diarias | Nivel de agotamiento alto - incluir pausas y descanso | Reducir redes sociales y videojuegos - invertir ese tiempo en estudio | Establecer rutina de sueno de minimo 7 horas diarias
1959,17,Other,Postgraduate,2.96,2.3,0.99,1.36,3.03,6.8,3.42,140,259,1,1,Average,3,16.84,55.14,13.09,0,0,Aumentar horas de estudio a minimo 6 horas diarias | Buscar apoyo en el servicio de bienestar universitario | Reducir redes sociales y videojuegos - invertir ese tiempo en estudio
2496,18,Other,Undergraduate,3.51,0.16,2.94,3.21,0.0,5.26,5.03,143,316,1,0,Good,3,25.26,49.91,24.23,0,0,Aumentar horas de estudio a minimo 6 horas diarias | Buscar apoyo en el servicio de bienestar universitario | Establecer rutina de sueno de minimo 7 horas diarias
4113,25,Male,Postgraduate,3.42,3.15,2.5,3.19,0.78,7.22,3.87,3,117,0,0,Poor,6,26.68,27.33,35.01,0,1,Aumentar horas de estudio a minimo 6 horas diarias
3049,25,Male,Postgraduate,1.97,3.4,2.01,6.07,1.34,7.41,5.84,79,157,0,0,Good,7,19.04,29.35,27.37,0,0,Aumentar horas de estudio a minimo 6 horas diarias | Reducir redes sociales y videojuegos - invertir ese tiempo en estudio
246,20,Male,High School,0.68,1.3,3.88,1.23,0.03,7.29,11.17,41,206,1,0,Average,3,21.27,44.37,12.63,0,0,Aumentar horas de estudio a minimo 6 horas diarias | Buscar apoyo en el servicio de bienestar universitario
3680,18,Female,Postgraduate,1.81,3.54,2.67,1.38,1.27,8.32,8.24,91,230,1,1,Good,2,24.16,45.61,7.09,0,0,Aumentar horas de estudio a minimo 6 horas diarias | Buscar apoyo en el servicio de bienestar universitario
4230,17,Male,Undergraduate,4.38,2.41,1.74,2.74,0.0,8.34,9.9,62,210,1,0,Good,2,30.52,44.17,30.11,0,0,Buscar apoyo en el servicio de bienestar universitario
2431,16,Other,Undergraduate,4.12,1.8,2.11,0.93,2.69,5.72,10.94,28,235,0,0,Average,1,13.4,43.43,13.8,0,0,Buscar apoyo en el servicio de bienestar universitario | Establecer rutina de sueno de minimo 7 horas diarias
2298,20,Male,High School,5.82,3.06,2.99,2.02,0.0,7.43,5.8,10,448,1,0,Average,4,29.42,46.2,32.84,0,0,Buscar apoyo en el servicio de bienestar universitario
3522,20,Male,Undergraduate,2.15,2.65,2.57,4.5,0.0,6.19,7.28,81,387,0,0,Poor,3,12.43,37.53,9.51,0,0,Aumentar horas de estudio a minimo 6 horas diarias | Buscar apoyo en el servicio de bienestar universitario | Reducir redes sociales y videojuegos - invertir ese tiempo en estudio
1613,22,Male,High School,4.71,2.27,0.94,2.81,0.53,4.98,8.94,137,475,0,0,Good,3,25.33,45.49,30.48,0,0,Buscar apoyo en el servicio de bienestar universitario | Establecer rutina de sueno de minimo 7 horas diarias
2387,23,Other,Undergraduate,2.61,1.68,2.39,3.49,2.01,7.31,1.82,95,484,0,1,Good,7,22.4,33.78,23.47,0,0,Aumentar horas de estudio a minimo 6 horas diarias | Reducir redes sociales y videojuegos - invertir ese tiempo en estudio
1219,16,Male,High School,4.53,1.29,3.18,1.15,2.04,6.3,3.99,2,250,0,1,Good,2,26.28,57.52,30.96,0,0,Buscar apoyo en el servicio de bienestar universitario
4526,18,Male,High School,2.24,3.53,3.97,0.0,2.44,8.77,7.67,140,169,1,1,Poor,1,22.03,45.44,5.36,0,0,Aumentar horas de estudio a minimo 6 horas diarias | Buscar apoyo en el servicio de bienestar universitario
3794,16,Male,Postgraduate,0.8,2.43,2.48,0.46,3.48,6.45,3.09,73,151,1,0,Average,9,20.33,33.04,29.29,0,0,Aumentar horas de estudio a minimo 6 horas diarias
1298,21,Female,Postgraduate,2.43,2.25,1.39,0.4,2.13,7.85,4.03,144,362,1,0,Average,7,27.99,27.96,34.69,0,0,Aumentar horas de estudio a minimo 6 horas diarias
1996,24,Other,Postgraduate,5.36,2.49,1.86,3.92,1.58,6.01,6.61,54,485,1,0,Good,3,18.85,57.92,29.25,0,0,Buscar apoyo en el servicio de bienestar universitario | Reducir redes sociales y videojuegos - invertir ese tiempo en estudio
4504,21,Male,Undergraduate,5.41,3.98,2.63,3.59,0.0,5.43,7.83,40,7,0,1,Average,2,22.96,44.99,26.17,0,0,Buscar apoyo en el servicio de bienestar universitario | Establecer rutina de sueno de minimo 7 horas diarias
4695,19,Other,Undergraduate,3.6,2.3,2.1,6.22,0.2,8.17,5.23,18,297,1,1,Good,1,16.92,48.26,16.4,0,0,Aumentar horas de estudio a minimo 6 horas diarias | Buscar apoyo en el servicio de bienestar universitario | Reducir redes sociales y videojuegos - invertir ese tiempo en estudio
2949,17,Other,Undergraduate,4.01,3.79,3.26,5.21,1.94,7.21,2.6,120,324,0,1,Good,2,21.3,39.34,19.3,0,0,Buscar apoyo en el servicio de bienestar universitario | Reducir redes sociales y videojuegos - invertir ese tiempo en estudio
1603,22,Female,High School,3.22,3.11,0.86,4.43,2.75,7.24,1.26,131,76,1,0,Good,2,28.64,28.05,35.35,0,1,Aumentar horas de estudio a minimo 6 horas diarias | Buscar apoyo en el servicio de bienestar universitario | Reducir redes sociales y videojuegos - invertir ese tiempo en estudio
2225,19,Male,Postgraduate,2.76,1.19,1.59,6.0,1.31,6.38,7.81,105,194,0,1,Good,7,22.83,59.71,26.49,0,0,Aumentar horas de estudio a minimo 6 horas diarias | Reducir redes sociales y videojuegos - invertir ese tiempo en estudio
2958,18,Male,High School,0.53,1.49,1.71,4.11,1.28,6.92,8.04,117,158,1,0,Poor,10,24.81,45.69,34.26,0,0,Aumentar horas de estudio a minimo 6 horas diarias | Reducir redes sociales y videojuegos - invertir ese tiempo en estudio
301,21,Male,High School,3.78,2.76,2.03,1.89,1.09,7.64,8.57,141,275,0,1,Average,1,22.81,44.06,12.77,0,0,Aumentar horas de estudio a minimo 6 horas diarias | Buscar apoyo en el servicio de bienestar universitario
1575,22,Male,Undergraduate,4.2,2.66,1.24,3.36,2.33,5.98,5.48,103,358,1,1,Average,3,20.77,56.84,22.77,0,0,Buscar apoyo en el servicio de bienestar universitario | Reducir redes sociales y videojuegos - invertir ese tiempo en estudio | Establecer rutina de sueno de minimo 7 horas diarias
3624,24,Male,High School,1.09,2.3,1.21,1.42,0.7,6.86,7.3,29,475,0,0,Poor,3,15.44,41.14,6.11,0,0,Aumentar horas de estudio a minimo 6 horas diarias | Buscar apoyo en el servicio de bienestar universitario
1094,17,Other,Postgraduate,1.68,2.25,1.27,1.95,1.25,6.46,5.7,73,487,0,1,Average,6,31.65,46.57,35.96,0,1,Aumentar horas de estudio a minimo 6 horas diarias
4653,24,Female,High School,2.91,3.31,2.46,5.39,0.0,7.62,7.91,80,126,0,0,Poor,4,23.78,29.66,30.85,0,0,Aumentar horas de estudio a minimo 6 horas diarias | Buscar apoyo en el servicio de bienestar universitario | Reducir redes sociales y videojuegos - invertir ese tiempo en estudio
2663,16,Male,High School,0.16,2.45,0.56,2.09,1.08,8.64,5.29,120,97,1,0,Poor,7,25.25,18.36,20.83,0,0,Aumentar horas de estudio a minimo 6 horas diarias
293,18,Male,High School,0.7,5.8,2.37,1.45,1.69,7.84,4.56,142,395,0,1,Good,6,27.06,29.05,15.77,0,0,Aumentar horas de estudio a minimo 6 horas diarias
1780,17,Male,Undergraduate,5.69,1.66,0.81,3.85,2.81,5.88,5.45,31,444,1,1,Good,5,23.86,69.67,28.92,0,0,Nivel de agotamiento alto - incluir pausas y descanso | Reducir redes sociales y videojuegos - invertir ese tiempo en estudio | Establecer rutina de sueno de minimo 7 horas diarias
4620,22,Male,Undergraduate,1.06,4.6,2.13,4.44,3.5,5.54,6.54,110,350,1,1,Poor,7,21.78,65.81,9.59,0,0,Aumentar horas de estudio a minimo 6 horas diarias | Nivel de agotamiento alto - incluir pausas y descanso | Reducir redes sociales y videojuegos - invertir ese tiempo en estudio | Establecer rutina de sueno de minimo 7 horas diarias
1826,20,Female,Undergraduate,0.0,2.98,1.7,2.41,1.43,8.58,7.79,126,190,1,1,Average,7,30.73,51.01,19.58,0,0,Aumentar horas de estudio a minimo 6 horas diarias
2903,21,Other,Undergraduate,2.51,3.39,0.4,4.8,3.24,5.28,8.04,122,444,1,1,Average,2,7.37,63.48,1.0,0,0,Aumentar horas de estudio a minimo 6 horas diarias | Nivel de agotamiento alto - incluir pausas y descanso | Buscar apoyo en el servicio de bienestar universitario | Reducir redes sociales y videojuegos - invertir ese tiempo en estudio | Establecer rutina de sueno de minimo 7 horas diarias
37,22,Other,Undergraduate,4.14,1.13,2.7,1.8,2.53,6.08,10.81,81,184,0,0,Poor,5,24.77,48.89,29.46,0,0,Reducir redes sociales y videojuegos - invertir ese tiempo en estudio
1352,25,Female,Postgraduate,4.89,1.52,1.57,4.04,0.0,6.84,5.61,124,123,1,1,Poor,4,26.85,51.19,26.83,0,0,Buscar apoyo en el servicio de bienestar universitario | Reducir redes sociales y videojuegos - invertir ese tiempo en estudio
3767,25,Male,High School,5.68,1.71,4.03,5.18,2.8,7.3,7.46,59,372,1,0,Average,1,15.32,52.05,19.27,0,0,Buscar apoyo en el servicio de bienestar universitario | Reducir redes sociales y videojuegos - invertir ese tiempo en estudio
1997,23,Male,Postgraduate,5.11,1.69,1.72,2.23,1.39,4.52,8.43,42,200,1,0,Good,5,21.72,67.98,20.76,0,0,Nivel de agotamiento alto - incluir pausas y descanso | Establecer rutina de sueno de minimo 7 horas diarias
4298,24,Other,Undergraduate,3.89,2.74,1.2,1.48,1.95,6.89,11.13,121,467,1,1,Average,5,24.7,76.27,15.0,0,0,Aumentar horas de estudio a minimo 6 horas diarias | Nivel de agotamiento alto - incluir pausas y descanso
1754,19,Male,High School,3.19,1.26,2.48,3.41,0.29,6.27,4.28,76,38,1,1,Good,5,26.59,51.35,23.11,0,0,Aumentar horas de estudio a minimo 6 horas diarias
4788,21,Female,Postgraduate,5.49,3.49,2.14,3.52,2.66,4.96,8.67,131,449,1,1,Poor,3,10.92,65.21,15.24,0,0,Nivel de agotamiento alto - incluir pausas y descanso | Buscar apoyo en el servicio de bienestar universitario | Reducir redes sociales y videojuegos - invertir ese tiempo en estudio | Establecer rutina de sueno de minimo 7 horas diarias
3939,21,Other,Undergraduate,3.77,3.76,1.46,1.97,1.51,6.88,9.61,43,314,0,1,Average,1,23.0,59.2,26.61,0,0,Aumentar horas de estudio a minimo 6 horas diarias | Buscar apoyo en el servicio de bienestar universitario
155,18,Female,High School,3.93,2.87,1.37,4.15,2.19,4.0,7.85,55,30,0,1,Good,7,21.22,63.22,30.16,0,0,Aumentar horas de estudio a minimo 6 horas diarias | Nivel de agotamiento alto - incluir pausas y descanso | Reducir redes sociales y videojuegos - invertir ese tiempo en estudio | Establecer rutina de sueno de minimo 7 horas diarias
1752,23,Other,Undergraduate,5.38,2.05,1.53,2.84,2.26,7.45,8.2,120,373,1,0,Average,1,11.55,43.43,21.33,0,0,Buscar apoyo en el servicio de bienestar universitario | Reducir redes sociales y videojuegos - invertir ese tiempo en estudio
4629,16,Other,Postgraduate,3.97,3.75,2.41,1.49,1.4,5.63,7.07,58,46,0,0,Poor,2,20.96,42.91,26.71,0,0,Aumentar horas de estudio a minimo 6 horas diarias | Buscar apoyo en el servicio de bienestar universitario | Establecer rutina de sueno de minimo 7 horas diarias
3844,20,Female,Postgraduate,3.42,3.29,0.84,2.51,1.16,8.95,10.83,88,388,0,1,Average,4,36.71,46.14,33.85,0,1,Aumentar horas de estudio a minimo 6 horas diarias | Buscar apoyo en el servicio de bienestar universitario
4587,17,Male,Postgraduate,4.42,3.37,0.07,2.92,0.8,7.71,5.98,77,452,1,1,Good,5,30.4,60.81,25.25,0,0,Nivel de agotamiento alto - incluir pausas y descanso
2659,18,Other,Undergraduate,2.05,2.37,3.09,3.29,4.04,7.07,6.06,49,235,0,0,Poor,4,10.23,36.85,5.48,0,0,Aumentar horas de estudio a minimo 6 horas diarias | Buscar apoyo en el servicio de bienestar universitario | Reducir redes sociales y videojuegos - invertir ese tiempo en estudio
2169,21,Male,Postgraduate,4.67,2.0,1.37,3.83,1.39,6.54,3.18,75,301,0,0,Average,4,21.48,35.02,33.52,0,0,Buscar apoyo en el servicio de bienestar universitario | Reducir redes sociales y videojuegos - invertir ese tiempo en estudio
410,23,Female,Postgraduate,0.05,3.38,3.62,3.37,0.0,5.93,6.35,75,263,0,1,Good,7,19.19,61.66,1.0,0,0,Aumentar horas de estudio a minimo 6 horas diarias | Nivel de agotamiento alto - incluir pausas y descanso | Establecer rutina de sueno de minimo 7 horas diarias
3669,19,Male,Postgraduate,4.54,1.01,1.83,4.61,2.39,5.23,6.94,60,246,1,1,Poor,6,7.21,57.81,24.01,0,0,Reducir redes sociales y videojuegos - invertir ese tiempo en estudio | Establecer rutina de sueno de minimo 7 horas diarias
1771,23,Male,Postgraduate,3.18,3.88,3.04,1.4,1.12,7.61,6.35,35,496,0,0,Good,2,30.24,36.48,28.42,0,0,Aumentar horas de estudio a minimo 6 horas diarias | Buscar apoyo en el servicio de bienestar universitario
859,25,Female,High School,3.45,2.1,0.58,3.33,1.18,6.28,10.56,98,30,0,0,Good,3,24.55,46.78,18.85,0,0,Aumentar horas de estudio a minimo 6 horas diarias | Buscar apoyo en el servicio de bienestar universitario | Reducir redes sociales y videojuegos - invertir ese tiempo en estudio
875,16,Other,Undergraduate,1.86,0.0,3.59,2.02,0.27,7.63,8.51,32,363,0,0,Good,6,21.08,21.15,31.21,0,1,Aumentar horas de estudio a minimo 6 horas diarias
3322,25,Other,High School,0.71,2.59,3.51,2.21,0.65,7.9,10.0,85,477,0,0,Good,6,22.43,42.25,13.85,0,0,Aumentar horas de estudio a minimo 6 horas diarias
1301,23,Female,Postgraduate,4.72,0.71,1.66,1.6,1.18,8.18,9.3,51,308,0,1,Good,1,25.49,55.33,20.57,0,0,Buscar apoyo en el servicio de bienestar universitario
852,17,Other,Undergraduate,1.49,2.96,3.66,3.94,1.3,5.62,6.21,124,391,0,1,Average,8,18.78,52.59,25.33,0,0,Aumentar horas de estudio a minimo 6 horas diarias | Reducir redes sociales y videojuegos - invertir ese tiempo en estudio | Establecer rutina de sueno de minimo 7 horas diarias
2657,24,Female,Postgraduate,4.42,0.0,3.12,0.24,1.27,6.4,9.86,22,397,1,1,Good,2,20.26,79.49,14.42,0,0,Nivel de agotamiento alto - incluir pausas y descanso | Buscar apoyo en el servicio de bienestar universitario
4418,20,Male,Postgraduate,1.47,3.4,1.84,2.33,1.62,7.61,5.86,97,259,1,0,Average,2,31.61,34.44,7.52,0,0,Aumentar horas de estudio a minimo 6 horas diarias | Buscar apoyo en el servicio de bienestar universitario
4117,16,Female,High School,4.64,1.81,3.44,3.82,0.5,5.83,8.08,73,125,0,0,Poor,8,17.47,28.27,35.47,0,0,Reducir redes sociales y videojuegos - invertir ese tiempo en estudio | Establecer rutina de sueno de minimo 7 horas diarias
2148,20,Female,Postgraduate,5.35,3.44,1.68,1.71,1.54,5.27,7.91,27,96,1,0,Good,4,28.4,62.04,33.98,0,0,Nivel de agotamiento alto - incluir pausas y descanso | Buscar apoyo en el servicio de bienestar universitario | Establecer rutina de sueno de minimo 7 horas diarias
547,21,Male,High School,7.65,2.93,1.92,4.53,1.78,7.17,6.21,1,373,1,0,Good,2,36.65,48.97,47.24,0,1,Buscar apoyo en el servicio de bienestar universitario | Reducir redes sociales y videojuegos - invertir ese tiempo en estudio
2296,18,Female,High School,1.52,3.55,1.33,3.89,0.05,7.5,7.15,110,193,0,1,Average,10,30.21,38.37,34.22,0,1,Aumentar horas de estudio a minimo 6 horas diarias
811,19,Male,Postgraduate,5.76,3.03,2.09,2.81,0.8,8.55,6.82,9,391,1,1,Average,1,28.87,62.99,29.59,0,0,Nivel de agotamiento alto - incluir pausas y descanso | Buscar apoyo en el servicio de bienestar universitario
3892,19,Other,Postgraduate,0.63,3.28,2.51,3.12,2.98,7.4,11.4,90,463,0,1,Average,10,31.46,49.16,28.1,0,0,Aumentar horas de estudio a minimo 6 horas diarias | Reducir redes sociales y videojuegos - invertir ese tiempo en estudio
2166,22,Male,High School,5.89,1.79,4.0,2.54,2.89,6.25,5.02,141,437,0,1,Poor,1,20.95,47.67,24.01,0,0,Buscar apoyo en el servicio de bienestar universitario | Reducir redes sociales y videojuegos - invertir ese tiempo en estudio
4632,16,Other,Postgraduate,2.98,4.73,1.63,3.84,2.01,7.96,9.9,7,18,0,1,Average,9,28.66,44.1,35.7,0,0,Aumentar horas de estudio a minimo 6 horas diarias | Reducir redes sociales y videojuegos - invertir ese tiempo en estudio
1136,24,Female,High School,3.88,3.98,1.85,1.23,2.06,6.69,6.79,0,58,0,1,Poor,1,22.29,41.6,20.88,0,0,Aumentar horas de estudio a minimo 6 horas diarias | Buscar apoyo en el servicio de bienestar universitario
549,23,Other,Undergraduate,4.31,2.87,2.25,4.4,2.92,5.95,3.23,131,337,0,1,Good,2,26.55,36.72,30.53,0,0,Buscar apoyo en el servicio de bienestar universitario | Reducir redes sociales y videojuegos - invertir ese tiempo en estudio | Establecer rutina de sueno de minimo 7 horas diarias
3352,18,Male,Undergraduate,1.81,3.13,1.84,0.93,3.48,6.82,5.93,58,454,0,1,Poor,1,16.23,51.69,7.29,0,0,Aumentar horas de estudio a minimo 6 horas diarias | Buscar apoyo en el servicio de bienestar universitario | Reducir redes sociales y videojuegos - invertir ese tiempo en estudio
571,18,Male,Postgraduate,5.37,2.49,1.74,2.09,2.15,5.32,6.51,111,38,1,0,Poor,1,31.84,58.67,26.94,0,0,Buscar apoyo en el servicio de bienestar universitario | Reducir redes sociales y videojuegos - invertir ese tiempo en estudio | Establecer rutina de sueno de minimo 7 horas diarias
3816,17,Other,Undergraduate,0.55,1.13,1.81,2.98,3.91,8.27,5.73,35,431,1,1,Average,1,1.0,67.26,1.0,0,0,Aumentar horas de estudio a minimo 6 horas diarias | Nivel de agotamiento alto - incluir pausas y descanso | Buscar apoyo en el servicio de bienestar universitario | Reducir redes sociales y videojuegos - invertir ese tiempo en estudio
3087,18,Other,Undergraduate,3.74,3.26,2.1,2.03,0.15,7.28,9.53,8,464,1,0,Average,1,29.34,50.92,14.99,0,0,Aumentar horas de estudio a minimo 6 horas diarias | Buscar apoyo en el servicio de bienestar universitario
3331,19,Other,Undergraduate,5.28,3.48,4.3,2.39,2.82,6.97,5.69,107,220,0,1,Average,1,32.22,42.51,26.3,0,0,Buscar apoyo en el servicio de bienestar universitario | Reducir redes sociales y videojuegos - invertir ese tiempo en estudio
1921,16,Female,Undergraduate,4.43,0.93,2.21,2.29,0.28,4.4,8.27,30,298,1,1,Poor,7,21.12,83.31,26.18,0,0,Nivel de agotamiento alto - incluir pausas y descanso | Establecer rutina de sueno de minimo 7 horas diarias
4209,17,Female,High School,1.6,2.15,3.4,4.24,0.47,8.36,5.91,131,189,1,0,Poor,8,26.32,20.25,33.06,0,1,Aumentar horas de estudio a minimo 6 horas diarias | Reducir redes sociales y videojuegos - invertir ese tiempo en estudio
2996,18,Female,Postgraduate,1.87,0.35,1.14,3.71,0.94,8.66,3.19,139,403,0,1,Good,8,27.31,29.89,32.0,0,1,Aumentar horas de estudio a minimo 6 horas diarias | Reducir redes sociales y videojuegos - invertir ese tiempo en estudio
1931,16,Other,Postgraduate,2.53,1.95,1.66,1.89,0.59,6.87,6.53,71,151,0,0,Poor,3,24.2,24.28,24.36,0,1,Aumentar horas de estudio a minimo 6 horas diarias | Buscar apoyo en el servicio de bienestar universitario
3655,24,Male,Postgraduate,6.86,3.08,2.29,1.3,1.98,7.19,8.7,23,330,1,1,Good,5,48.74,66.4,42.51,0,1,Nivel de agotamiento alto - incluir pausas y descanso
3992,24,Male,Undergraduate,2.87,1.76,2.92,4.55,1.35,5.87,7.57,25,417,1,1,Poor,9,20.0,72.09,24.28,0,0,Aumentar horas de estudio a minimo 6 horas diarias | Nivel de agotamiento alto - incluir pausas y descanso | Reducir redes sociales y videojuegos - invertir ese tiempo en estudio | Establecer rutina de sueno de minimo 7 horas diarias
1042,18,Male,High School,0.76,2.43,2.7,3.24,2.47,5.92,8.09,40,80,0,1,Average,8,19.63,47.95,25.85,0,0,Aumentar horas de estudio a minimo 6 horas diarias | Reducir redes sociales y videojuegos - invertir ese tiempo en estudio | Establecer rutina de sueno de minimo 7 horas diarias
3115,25,Other,Undergraduate,5.79,0.0,1.6,2.59,3.3,6.04,5.1,41,14,0,1,Poor,1,15.26,52.63,21.11,0,0,Buscar apoyo en el servicio de bienestar universitario | Reducir redes sociales y videojuegos - invertir ese tiempo en estudio
4907,20,Female,High School,1.9,4.53,2.34,1.99,2.98,8.38,11.4,98,348,1,0,Good,4,25.13,50.25,24.61,0,0,Aumentar horas de estudio a minimo 6 horas diarias | Buscar apoyo en el servicio de bienestar universitario | Reducir redes sociales y videojuegos - invertir ese tiempo en estudio
3097,18,Other,Postgraduate,2.98,1.32,1.24,2.81,0.9,7.28,9.37,68,410,0,0,Good,2,18.25,37.43,20.09,0,0,Aumentar horas de estudio a minimo 6 horas diarias | Buscar apoyo en el servicio de bienestar universitario
1990,22,Other,Postgraduate,5.42,3.77,0.83,5.47,1.46,7.16,1.0,27,388,0,0,Poor,3,22.02,22.62,35.78,0,1,Buscar apoyo en el servicio de bienestar universitario | Reducir redes sociales y videojuegos - invertir ese tiempo en estudio
1332,24,Female,Undergraduate,3.92,0.3,1.0,5.3,2.16,4.77,8.21,102,475,1,0,Good,6,16.36,61.12,31.04,0,0,Aumentar horas de estudio a minimo 6 horas diarias | Nivel de agotamiento alto - incluir pausas y descanso | Reducir redes sociales y videojuegos - invertir ese tiempo en estudio | Establecer rutina de sueno de minimo 7 horas diarias
4535,19,Other,Postgraduate,4.64,2.14,0.97,2.65,0.95,6.55,11.11,148,469,1,1,Good,7,23.36,74.38,31.48,0,0,Nivel de agotamiento alto - incluir pausas y descanso
4672,23,Female,Postgraduate,3.65,3.42,4.17,3.32,0.46,4.0,4.93,64,403,1,0,Average,4,14.16,60.82,19.25,0,0,Aumentar horas de estudio a minimo 6 horas diarias | Nivel de agotamiento alto - incluir pausas y descanso | Buscar apoyo en el servicio de bienestar universitario | Establecer rutina de sueno de minimo 7 horas diarias
1066,19,Male,High School,1.99,0.99,3.1,2.77,1.48,7.82,7.95,107,72,1,0,Good,6,25.35,31.43,27.78,0,0,Aumentar horas de estudio a minimo 6 horas diarias | Reducir redes sociales y videojuegos - invertir ese tiempo en estudio
22,19,Male,Undergraduate,4.5,2.2,2.14,1.24,0.0,4.42,10.82,134,179,1,0,Poor,2,19.46,62.09,20.88,0,0,Nivel de agotamiento alto - incluir pausas y descanso | Buscar apoyo en el servicio de bienestar universitario | Establecer rutina de sueno de minimo 7 horas diarias
3413,16,Male,High School,5.78,1.32,4.4,0.99,0.0,4.72,7.41,85,224,0,1,Good,2,35.19,54.54,29.2,0,0,Buscar apoyo en el servicio de bienestar universitario | Establecer rutina de sueno de minimo 7 horas diarias
3804,20,Male,Undergraduate,2.48,4.4,1.53,2.42,0.1,7.3,7.06,88,289,1,0,Good,3,25.6,34.72,21.81,0,0,Aumentar horas de estudio a minimo 6 horas diarias | Buscar apoyo en el servicio de bienestar universitario
2045,20,Male,Undergraduate,5.51,2.25,1.65,3.01,1.59,6.65,2.97,22,426,0,1,Average,6,23.39,39.62,35.47,0,0,Reducir redes sociales y videojuegos - invertir ese tiempo en estudio
3400,22,Other,Undergraduate,2.7,1.57,1.02,2.74,0.99,9.39,6.74,128,338,0,1,Good,6,29.05,44.72,34.91,0,1,Aumentar horas de estudio a minimo 6 horas diarias
1703,21,Other,Undergraduate,0.99,3.99,2.97,3.19,0.24,6.56,11.12,2,238,1,1,Average,3,17.79,73.71,1.0,0,0,Aumentar horas de estudio a minimo 6 horas diarias | Nivel de agotamiento alto - incluir pausas y descanso | Buscar apoyo en el servicio de bienestar universitario
1588,22,Male,High School,3.29,1.26,3.57,2.71,1.25,6.72,11.9,81,302,1,1,Average,6,19.25,72.26,26.54,0,0,Aumentar horas de estudio a minimo 6 horas diarias | Nivel de agotamiento alto - incluir pausas y descanso
1235,16,Male,High School,3.14,1.82,1.11,2.82,1.5,8.39,7.68,136,25,0,1,Poor,4,26.12,34.27,31.58,0,1,Aumentar horas de estudio a minimo 6 horas diarias | Buscar apoyo en el servicio de bienestar universitario | Reducir redes sociales y videojuegos - invertir ese tiempo en estudio
3448,18,Other,Postgraduate,2.64,2.65,1.63,4.66,2.3,5.04,7.42,52,486,1,1,Poor,8,19.43,78.65,19.19,0,0,Aumentar horas de estudio a minimo 6 horas diarias | Nivel de agotamiento alto - incluir pausas y descanso | Reducir redes sociales y videojuegos - invertir ese tiempo en estudio | Establecer rutina de sueno de minimo 7 horas diarias
3116,23,Male,Postgraduate,5.24,3.42,0.71,4.89,2.87,7.81,8.16,14,308,1,1,Average,2,19.24,50.2,32.45,0,0,Buscar apoyo en el servicio de bienestar universitario | Reducir redes sociales y videojuegos - invertir ese tiempo en estudio
4858,23,Female,Undergraduate,4.14,3.5,2.38,4.25,2.97,7.82,12.07,72,459,1,1,Poor,3,25.48,65.1,16.33,0,0,Nivel de agotamiento alto - incluir pausas y descanso | Buscar apoyo en el servicio de bienestar universitario | Reducir redes sociales y videojuegos - invertir ese tiempo en estudio
4729,25,Female,Undergraduate,5.25,2.24,1.71,4.47,2.83,7.99,5.36,107,188,0,1,Average,5,18.51,34.8,34.78,0,0,Reducir redes sociales y videojuegos - invertir ese tiempo en estudio
1384,24,Female,High School,5.13,1.95,1.34,4.46,0.0,7.38,4.62,114,271,0,1,Good,2,20.67,30.62,24.02,0,0,Buscar apoyo en el servicio de bienestar universitario | Reducir redes sociales y videojuegos - invertir ese tiempo en estudio
2785,18,Male,High School,4.0,4.77,0.78,1.59,0.32,5.65,7.99,65,248,0,0,Average,6,34.26,46.55,30.92,0,1,Establecer rutina de sueno de minimo 7 horas diarias
4378,25,Other,Postgraduate,2.22,3.79,2.55,1.5,0.18,6.31,7.29,139,179,1,1,Good,6,24.05,67.76,16.29,0,0,Aumentar horas de estudio a minimo 6 horas diarias | Nivel de agotamiento alto - incluir pausas y descanso
1021,23,Male,Postgraduate,4.77,2.68,2.55,4.44,0.0,8.42,9.51,21,333,1,0,Average,2,20.96,41.39,24.5,0,0,Buscar apoyo en el servicio de bienestar universitario | Reducir redes sociales y videojuegos - invertir ese tiempo en estudio
1019,21,Male,Undergraduate,2.54,2.76,0.1,1.26,0.61,7.7,8.89,127,218,1,1,Good,4,23.76,56.65,17.98,0,0,Aumentar horas de estudio a minimo 6 horas diarias | Buscar apoyo en el servicio de bienestar universitario
4297,23,Male,Postgraduate,4.41,2.73,2.51,2.27,2.15,7.59,7.12,123,16,1,1,Good,1,28.17,59.73,12.86,0,0,Buscar apoyo en el servicio de bienestar universitario | Reducir redes sociales y videojuegos - invertir ese tiempo en estudio
4890,25,Male,Undergraduate,3.57,1.73,1.39,2.44,2.37,7.27,8.71,66,11,1,0,Good,3,23.68,39.69,19.92,0,0,Aumentar horas de estudio a minimo 6 horas diarias | Buscar apoyo en el servicio de bienestar universitario | Reducir redes sociales y videojuegos - invertir ese tiempo en estudio
3948,24,Other,Postgraduate,2.77,1.37,0.01,2.61,2.89,7.01,4.66,115,3,0,1,Good,7,18.5,33.19,33.03,0,1,Aumentar horas de estudio a minimo 6 horas diarias | Reducir redes sociales y videojuegos - invertir ese tiempo en estudio
2308,22,Female,High School,2.76,1.06,3.11,5.01,0.67,6.59,9.11,101,146,0,1,Good,5,21.83,45.47,15.84,0,0,Aumentar horas de estudio a minimo 6 horas diarias | Reducir redes sociales y videojuegos - invertir ese tiempo en estudio
3890,24,Male,High School,6.88,2.38,1.86,2.35,2.29,6.13,6.13,24,441,1,0,Good,2,20.99,57.32,24.25,0,0,Buscar apoyo en el servicio de bienestar universitario | Reducir redes sociales y videojuegos - invertir ese tiempo en estudio
1143,18,Male,Postgraduate,2.88,2.92,2.59,3.77,0.0,7.42,9.33,45,36,1,0,Poor,5,29.14,45.38,26.72,0,1,Aumentar horas de estudio a minimo 6 horas diarias
3419,19,Female,Postgraduate,2.65,2.24,2.13,5.36,2.06,7.36,11.26,97,74,0,1,Good,8,16.59,54.15,26.91,0,0,Aumentar horas de estudio a minimo 6 horas diarias | Reducir redes sociales y videojuegos - invertir ese tiempo en estudio
480,20,Male,Undergraduate,2.33,0.77,3.92,1.73,1.46,7.82,9.96,135,52,1,1,Average,8,40.89,46.03,34.77,0,1,Aumentar horas de estudio a minimo 6 horas diarias
2798,17,Other,High School,2.02,4.0,2.18,6.28,4.22,5.78,12.85,43,299,0,1,Average,6,13.48,69.41,5.01,0,0,Aumentar horas de estudio a minimo 6 horas diarias | Nivel de agotamiento alto - incluir pausas y descanso | Reducir redes sociales y videojuegos - invertir ese tiempo en estudio | Establecer rutina de sueno de minimo 7 horas diarias
543,25,Female,Undergraduate,1.54,2.35,2.09,4.06,0.0,7.88,3.57,29,497,1,0,Poor,1,6.73,31.84,1.0,0,0,Aumentar horas de estudio a minimo 6 horas diarias | Buscar apoyo en el servicio de bienestar universitario | Reducir redes sociales y videojuegos - invertir ese tiempo en estudio
3197,24,Other,Postgraduate,2.03,0.0,2.41,5.77,2.66,8.62,7.0,149,386,0,1,Average,1,5.58,47.99,5.15,0,0,Aumentar horas de estudio a minimo 6 horas diarias | Buscar apoyo en el servicio de bienestar universitario | Reducir redes sociales y videojuegos - invertir ese tiempo en estudio
1453,21,Female,Postgraduate,4.78,2.92,2.76,3.21,1.83,8.41,2.36,46,324,1,1,Poor,3,20.82,46.39,25.4,0,0,Buscar apoyo en el servicio de bienestar universitario | Reducir redes sociales y videojuegos - invertir ese tiempo en estudio
3324,19,Other,Undergraduate,5.71,1.39,2.49,4.81,1.71,8.67,7.03,94,137,0,1,Average,4,24.76,35.89,33.3,0,0,Buscar apoyo en el servicio de bienestar universitario | Reducir redes sociales y videojuegos - invertir ese tiempo en estudio
1358,20,Other,High School,4.21,3.1,2.95,6.19,0.65,7.31,10.74,46,216,1,0,Good,3,26.53,50.69,23.79,0,0,Buscar apoyo en el servicio de bienestar universitario | Reducir redes sociales y videojuegos - invertir ese tiempo en estudio
2185,20,Male,Postgraduate,3.92,2.93,3.12,0.0,2.22,4.25,3.17,141,350,1,0,Good,2,25.64,46.63,14.58,0,0,Aumentar horas de estudio a minimo 6 horas diarias | Buscar apoyo en el servicio de bienestar universitario | Establecer rutina de sueno de minimo 7 horas diarias
3019,18,Male,Undergraduate,2.34,1.56,1.01,2.51,1.42,6.02,4.22,133,144,1,1,Poor,3,12.95,56.15,13.88,0,0,Aumentar horas de estudio a minimo 6 horas diarias | Buscar apoyo en el servicio de bienestar universitario
3493,25,Female,High School,3.19,2.02,1.39,0.11,0.04,5.22,11.68,126,336,1,1,Poor,5,37.47,78.59,20.61,0,0,Aumentar horas de estudio a minimo 6 horas diarias | Nivel de agotamiento alto - incluir pausas y descanso | Establecer rutina de sueno de minimo 7 horas diarias
2465,19,Other,High School,6.13,1.97,0.8,0.0,0.57,7.35,8.44,22,290,0,0,Good,1,18.87,48.95,19.1,0,0,Buscar apoyo en el servicio de bienestar universitario
4459,18,Female,High School,3.65,2.71,2.27,3.68,3.42,6.27,7.76,93,139,1,0,Average,6,21.26,39.55,35.87,0,1,Aumentar horas de estudio a minimo 6 horas diarias | Reducir redes sociales y videojuegos - invertir ese tiempo en estudio
2559,25,Female,High School,5.7,2.26,2.94,3.05,2.9,6.71,2.67,97,443,1,0,Good,6,29.47,43.08,36.07,0,0,Reducir redes sociales y videojuegos - invertir ese tiempo en estudio
2367,18,Other,Postgraduate,4.43,4.63,2.85,2.09,0.97,6.28,10.74,29,200,0,1,Average,4,32.86,60.5,22.26,0,0,Nivel de agotamiento alto - incluir pausas y descanso | Buscar apoyo en el servicio de bienestar universitario
2202,16,Female,High School,3.6,3.22,1.52,5.17,0.03,5.22,9.07,10,168,0,1,Average,7,27.65,64.94,34.26,0,0,Aumentar horas de estudio a minimo 6 horas diarias | Nivel de agotamiento alto - incluir pausas y descanso | Reducir redes sociales y videojuegos - invertir ese tiempo en estudio | Establecer rutina de sueno de minimo 7 horas diarias
1633,19,Female,Postgraduate,1.88,3.7,0.0,0.3,1.52,8.71,7.87,76,204,0,0,Good,2,22.13,27.16,16.88,0,0,Aumentar horas de estudio a minimo 6 horas diarias | Buscar apoyo en el servicio de bienestar universitario
1924,24,Male,High School,4.18,3.54,2.91,3.82,1.53,6.04,11.39,143,23,1,1,Good,7,33.63,67.84,38.1,0,1,Nivel de agotamiento alto - incluir pausas y descanso | Reducir redes sociales y videojuegos - invertir ese tiempo en estudio
1270,22,Male,High School,5.52,1.3,1.03,2.06,2.04,7.65,9.63,76,497,1,0,Poor,4,28.38,46.86,25.65,0,0,Buscar apoyo en el servicio de bienestar universitario | Reducir redes sociales y videojuegos - invertir ese tiempo en estudio
3310,23,Other,Postgraduate,5.5,3.38,1.88,2.0,0.0,7.91,9.39,99,151,0,1,Good,3,36.42,42.86,28.74,0,1,Buscar apoyo en el servicio de bienestar universitario
